POINT HUT DISTRICT PARK,-35.45737064261896,149.08309520402537,ELECTRIC,DOUBLE,Y,,,,
REMEMBERANCE PARK,-35.281451138989425,149.14980510290192,ELECTRIC,DOUBLE,N,STEEL,NO,TAP,
REMEMBERANCE PARK,-35.28103625357118,149.15006817119664,ELECTRIC,DOUBLE,,STEEL,NO,TAP,
TELOPEA PARK,,,ELECTRIC,DOUBLE,Y,STEEL,NO,TAP,
BOWEN PARK,,,ELECTRIC,DOUBLE,Y,STEEL,NO,NONE,
MOLONGLO REACH WATER SKI,,,ELECTRIC,DOUBLE,Y,STEEL,NO,TAP,
MOLONGLO REACH WATER SKI,,,ELECTRIC,DOUBLE,Y,STEEL,NO,TAP,
JAMES HARRISON STREET NEIGHBOURHOOD PARK,,,ELECTRIC,DOUBLE,Y,,,,
EDISON DISTRICT PARK,-35.342899996818296,149.08906264044825,ELECTRIC,DOUBLE,N,CONCRETE,YES,WALL,
EDISON DISTRICT PARK,-35.3429181740362,149.0888316704444,ELECTRIC,SINGLE,Y,CONCRETE,YES,WALL,
PHILLIP TOWN CENTRE,-35.34661763611248,149.0819493439275,ELECTRIC,DOUBLE,N,BRICK,YES,WALL,
PHILLIP TOWN CENTRE,-35.34637197882621,149.08571108669096,ELECTRIC,DOUBLE,Y,CONCRETE,YES,NONE,
GROOM STREET - PEDESTRIAN PARKLAND,-35.33442907559154,149.08776751829365,WOOD,DOUBLE,N,CONCRETE,NO,LOW,
ARALUEN STREET - NEIGHBOURHOOD PARK,-35.36217697840341,149.05607549139197,ELECTRIC,DOUBLE,N,CONCRETE,YES,NONE,
LOWANNA STREET - NEIGHBOURHOOD PARK,-35.26638335229035,149.1320427370237,ELECTRIC,DOUBLE,N,CONCRETE,YES,NONE,
LOWANNA STREET - NEIGHBOURHOOD PARK,-35.26575172039858,149.13277804596848,ELECTRIC,DOUBLE,N,,,,
HAIG PARK,-35.27123692260874,149.12723656090068,ELECTRIC,DOUBLE,Y,STEEL,NO,TAP,
HAIG PARK,-35.27049072528009,149.12532328560332,ELECTRIC,DOUBLE,Y,TILE,YES,TAP,
CORROBOREE PARK,-35.27058265349084,149.1411594746599,ELECTRIC,DOUBLE,N,STEEL,NO,NONE,
GLEBE PARK,-35.28509030481664,149.1351815842968,ELECTRIC,DOUBLE,Y,STEEL,NO,TAP,
GLEBE PARK,-35.28395444468796,149.1354436206887,ELECTRIC,DOUBLE,Y,STEEL,NO,TAP,
GLEBE PARK,-35.283450060571695,149.13513508006588,ELECTRIC,DOUBLE,Y,STEEL,NO,TAP,
MOLONGLO REACH DISTRICT PARK,-35.30615253588544,149.16616354036455,ELECTRIC,DOUBLE,N,STEEL,NO,TAP,
BLACK MOUNTAIN PENINSULA DISTRICT PARK,-35.288744690132965,149.1002324055555,ELECTRIC,DOUBLE,N,STEEL,YES,TAP,
BLACK MOUNTAIN PENINSULA DISTRICT PARK,-35.29381114394521,149.09838029323365,ELECTRIC,DOUBLE,Y,STEEL,YES,NONE,
BLACK MOUNTAIN PENINSULA DISTRICT PARK,-35.29316183216673,149.09892921608628,ELECTRIC,DOUBLE,N,STEEL,YES,TAP,
BLACK MOUNTAIN PENINSULA DISTRICT PARK,-35.29374702782616,149.099765311383,ELECTRIC,DOUBLE,Y,STEEL,NO,TAP,
ACTON PARK DISTRICT PARK,-35.28786875223458,149.12351241642114,ELECTRIC,DOUBLE,Y,CONCRETE,YES,NONE,
ACTON PARK DISTRICT PARK,-35.28777892699244,149.12319352355036,ELECTRIC,DOUBLE,Y,CONCRETE,YES,NONE,
GINNINDERRA PENINSULA DISTRICT PARK,-35.23059452357089,149.07300344272267,ELECTRIC,DOUBLE,Y,STEEL,YES,TAP,
DIDDAMS CLOSE PEDESTRIAN PARKLAND,-35.23069376116979,149.0728167879597,ELECTRIC,DOUBLE,Y,STEEL,YES,TAP,
JOYNTON SMITH DRIVE PEDESTRIAN PARKLAND,-35.229455410003276,149.06152417934112,ELECTRIC,DOUBLE,Y,STEEL,YES,TAP,
LAKE GINNINDERRA WESTERN FORESHORES,-35.22902249108845,149.06223786390981,ELECTRIC,DOUBLE,Y,CONCRETE,YES,TAP,CAST IRON
LAKE GINNINDERRA WESTERN FORESHORES,-35.228842266236164,149.0621718427946,ELECTRIC,DOUBLE,Y,CONCRETE,YES,TAP,
LAKE GINNINDERRA WESTERN FORESHORES,-35.228797284241935,149.06198508560138,ELECTRIC,DOUBLE,Y,CONCRETE,YES,NONE,DUAL
LAKE GINNINDERRA WESTERN FORESHORES,-35.22749943859961,149.06202818186748,ELECTRIC,DOUBLE,Y,CONCRETE,YES,TAP,
LAKE GINNINDERRA WESTERN FORESHORES,-35.22626487696531,149.06162098773459,ELECTRIC,DOUBLE,Y,CONCRETE,YES,TAP,CAST IRON
TOTTERDELL STREET PEDESTRIAN PARKLAND,-35.23398080702988,149.059077491885,ELECTRIC,DOUBLE,Y,,,,
GINNINDERRA PENINSULA DISTRICT PARK,-35.227289204066544,149.06839864816337,ELECTRIC,DOUBLE,Y,CONCRETE,YES,TAP,
GINNINDERRA PENINSULA DISTRICT PARK,-35.22737040924885,149.06821198231674,ELECTRIC,DOUBLE,Y,CONCRETE,NO,TAP,
JOHN KNIGHT MEMORIAL PARK,-35.23595750157838,149.07217277845177,ELECTRIC,DOUBLE,Y,STEEL,YES,TAP,
JOHN KNIGHT MEMORIAL PARK,-35.23630900143666,149.07216206469843,ELECTRIC,DOUBLE,Y,STEEL,YES,TAP,
CARLILE STREET PEDESTRIAN PARKLAND,-35.21961158341024,149.06589999464063,ELECTRIC,DOUBLE,N,,,,
TATTERSALL CRESCENT NEIGHBOURHOOD PARK,-35.22514069670089,149.05572212227975,ELECTRIC,DOUBLE,Y,,,,
HALL PARK,-35.173681455139146,149.06849154451115,WOOD,DOUBLE,Y,,,,
HALL PARK,-35.17334793990527,149.06857911506222,WOOD,DOUBLE,Y,,,,
UMBAGONG DISTRICT PARK,-35.21321503201417,149.0298858977006,ELECTRIC,DOUBLE,N,CONCRETE,YES,NONE,ALUMINIUM
UMBAGONG DISTRICT PARK,-35.21731617383421,149.02764651254313,ELECTRIC,DOUBLE,N,CONCRETE,YES,NONE,ALUMINIUM
UMBAGONG DISTRICT PARK,-35.21755949677854,149.0277783571634,ELECTRIC,DOUBLE,N,CONCRETE,YES,TAP,ALUMINIUM
MARKS PLACE PEDESTRIAN PARKLAND,-35.20957559336832,149.01289673339048,ELECTRIC,DOUBLE,Y,CONCRETE,YES,TAP,ALUMINIUM
HARPER STREET PEDESTRIAN PARKLAND,-35.21487504526508,149.0135888414269,ELECTRIC,DOUBLE,Y,CONCRETE,YES,NONE,ALUMINIUM
PALMERVILLE HERITAGE PARK,-35.21358996541761,149.08453218506432,ELECTRIC,DOUBLE,Y,CONCRETE,YES,TAP,ALUMINIUM
PALMERVILLE HERITAGE PARK,-35.21332870611908,149.0843562333795,ELECTRIC,DOUBLE,N,CONCRETE,YES,NONE,ALUMINIUM
YERRABI DISTRICT PARK,-35.18094568997232,149.12943322378052,ELECTRIC,SINGLE,N,STEEL,YES,TAP_WALL,
YERRABI DISTRICT PARK,-35.180828284588884,149.1296745568289,ELECTRIC,SINGLE,N,STEEL,YES,TAP_WALL,
YERRABI DISTRICT PARK,-35.1807652390512,149.1296305537608,ELECTRIC,SINGLE,Y,STEEL,YES,TAP_WALL,
YERRABI DISTRICT PARK,-35.18091868441728,149.1294002513962,ELECTRIC,SINGLE,Y,STEEL,YES,TAP_WALL,
BAILLIEU LANE PEDESTRIAN PARKLAND,-35.219490111672215,149.1409779398723,GAS,DOUBLE,Y,,,,
GRIFFIN PLACE - PEDESTRIAN PARKLAND,-35.42003261198098,149.0827308402124,ELECTRIC,DOUBLE,Y,,,,
NEWMAN-MORRIS CIRCUIT - NEIGHBOURHOOD PARK,-35.408139255948974,149.07757918508935,ELECTRIC,DOUBLE,Y,,,,
KAMBAH DISTRICT PARK,-35.390213456738884,149.059327392895,ELECTRIC,DOUBLE,N,CONCRETE,YES,TAP,
KAMBAH DISTRICT PARK,-35.390150415169394,149.05921729562516,ELECTRIC,DOUBLE,N,CONCRETE,YES,NONE,
KAMBAH DISTRICT PARK,-35.39342120919123,149.06093629069255,ELECTRIC,DOUBLE,N,STEEL,YES,BOX,
KAMBAH DISTRICT PARK,-35.393619506322985,149.06088138558704,ELECTRIC,DOUBLE,N,STEEL,YES,NONE,
KAMBAH DISTRICT PARK,-35.393736696185506,149.06081542229433,ELECTRIC,DOUBLE,Y,STEEL,YES,TAP,
TUGGERANONG TOWN PARK,-35.41231913171552,149.06352441425855,ELECTRIC,DOUBLE,Y,STEEL,YES,TAP_WALL,
POINT HUT DISTRICT PARK,-35.457595707986066,149.0834919499188,ELECTRIC,DOUBLE,N,,,,
MARYBOROUGH STREET - PEDESTRIAN PARKLAND,-35.32835604318044,149.17545526911474,ELECTRIC,SINGLE,Y,,,,
MARYBOROUGH STREET - PEDESTRIAN PARKLAND,-35.328392198954376,149.17537836100448,ELECTRIC,DOUBLE,Y,,,,
BEDFORD STREET - NEIGHBOURHOOD PARK,-35.319784529498286,149.11086756430961,GAS,DOUBLE,Y,CONCRETE,YES,WALL,CAST IRON
TELOPEA PARK,-35.317192137093954,149.13608899540762,ELECTRIC,DOUBLE,N,STEEL,YES,NONE,
TELOPEA PARK,-35.31711112802666,149.13598990567058,ELECTRIC,DOUBLE,Y,STEEL,YES,TAP,
TELOPEA PARK,-35.31643456443724,149.13658262529796,ELECTRIC,DOUBLE,Y,STEEL,YES,TAP,
TELOPEA PARK,-35.312673825341506,149.13894072705975,GAS,DOUBLE,Y,CONCRETE,YES,WALL,
ALEXANDRINA DRIVE - PEDESTRIAN PARKLAND,-35.299427477463105,149.10806075684857,GAS,DOUBLE,Y,STEEL,NO,LOCK,
ALEXANDRINA DRIVE - PEDESTRIAN PARKLAND,-35.30030059379762,149.10940304307266,GAS,DOUBLE,Y,STEEL,NO,LOCK,
LENNOX GARDENS,-35.300516782223745,149.11988028527622,ELECTRIC,DOUBLE,N,CONCRETE,NO,LOCK,
LENNOX GARDENS,-35.30060657559404,149.12024319922125,ELECTRIC,DOUBLE,N,CONCRETE,NO,NONE,
LENNOX GARDENS,-35.300038450767865,149.1206052130071,ELECTRIC,DOUBLE,Y,STEEL,YES,TAP,
WESTON PARK,-35.29728417565665,149.09394282856493,GAS,DOUBLE,Y,CONCRETE,YES,WALL,
WESTON PARK,-35.29528460181499,149.09218187080137,GAS,DOUBLE,Y,CONCRETE,YES,TAP_WALL,DUAL
WESTON PARK,-35.29294348070529,149.08898062082815,ELECTRIC,DOUBLE,Y,CONCRETE,NO,TAP,
WESTON PARK,-35.2940860567021,149.09199377108604,ELECTRIC,DOUBLE,Y,STEEL,YES,WALL,ALUMINIUM
WESTON PARK,-35.2924020699275,149.08996942279038,ELECTRIC,DOUBLE,Y,CONCRETE,YES,TAP_WALL,
WESTON PARK,-35.29184263328922,149.09094720097067,GAS,DOUBLE,Y,STEEL,YES,TAP,
WESTON PARK,-35.291560956685665,149.09426664409975,GAS,DOUBLE,Y,,,,
ELLENBOROUGH STREET - PEDESTRIAN PARKLAND,-35.242238471960455,149.1228222090476,ELECTRIC,DOUBLE,Y,CONCRETE,YES,TAP,
JOHN KNIGHT MEMORIAL PARK,-35.2394359375419,149.07304331232157,ELECTRIC,DOUBLE,Y,CONCRETE,YES,TAP_WALL,
JOHN KNIGHT MEMORIAL PARK,-35.23941793534658,149.07299935650863,ELECTRIC,SINGLE,Y,CONCRETE,YES,WALL,
VICTORIA STREET ROAD VERGE,-35.16296830708231,149.06189869543797,WOOD,DOUBLE,N,,,,
FADDEN PINES DISTRICT PARK,-35.413218744860856,149.11903222764903,ELECTRIC,DOUBLE,Y,CONCRETE,YES,TAP,ALUMINIUM
FADDEN PINES DISTRICT PARK,-35.411975224087755,149.1188213747372,ELECTRIC,DOUBLE,N,CONCRETE,NO,TAP,
FADDEN PINES DISTRICT PARK,-35.412471503070165,149.1181615144885,ELECTRIC,DOUBLE,N,CONCRETE,YES,TAP,
FADDEN PINES DISTRICT PARK,-35.41284846351037,149.11987941200383,ELECTRIC,DOUBLE,Y,CONCRETE,YES,TAP,ALUMINIUM
CANDLEBARK CLOSE NEIGHBOURHOOD PARK,-35.19397880009252,149.10880033186908,ELECTRIC,DOUBLE,N,,,,
CANDLEBARK CLOSE NEIGHBOURHOOD PARK,-35.193600157294995,149.10893162126092,ELECTRIC,DOUBLE,N,,,,
TUGGERANONG TOWN PARK,-35.411462789163856,149.06388712867113,ELECTRIC,DOUBLE,,STEEL,YES,TAP,
LAKE TUGGERANONG DISTRICT PARK,-35.409991550137114,149.06858677881831,ELECTRIC,DOUBLE,Y,,,,
LAKE TUGGERANONG DISTRICT PARK,-35.40877448827168,149.06936748131807,ELECTRIC,DOUBLE,Y,,,,
LAKE TUGGERANONG DISTRICT PARK,-35.406737213589736,149.070301657102,ELECTRIC,DOUBLE,Y,,,,
BUNYA CLOSE PEDESTRIAN PARKLAND,,,ELECTRIC,DOUBLE,Y,,,,
