ASSET_ID,DIVISION_NAME,SURFACE_TYPE,AREA,PERIMETER,Location
PLAR621,ACTON,RUBBER SURFACE,21,25,"(-35.292492, 149.101334)"
PLGR492,ACTON,,7781,383,"(-35.292271, 149.101151)"
PLAR606,ACTON,RUBBER SURFACE,311,78,"(-35.292494, 149.100815)"
PLAR605,ACTON,RUBBER SURFACE,641,196,"(-35.292143, 149.101257)"
PLAR44,AINSLIE,TANBARK SURFACE,344,68,"(-35.263920, 149.137680)"
PLGR489,AINSLIE,,2497,178,"(-35.261673, 149.144196)"
PLGR4,AINSLIE,,2579,182,"(-35.253391, 149.156319)"
PLGR32,AINSLIE,,2965,194,"(-35.263920, 149.137680)"
PLGR1,AINSLIE,,5099,328,"(-35.268574, 149.141663)"
PLGR3,AINSLIE,,2731,185,"(-35.257801, 149.149445)"
PLAR602,AINSLIE,TANBARK SURFACE,185,55,"(-35.261673, 149.144196)"
PLAR8,AINSLIE,TANBARK SURFACE,196,56,"(-35.253391, 149.156311)"
PLAR7,AINSLIE,TANBARK SURFACE,281,60,"(-35.257801, 149.149452)"
PLAR5,AINSLIE,TANBARK SURFACE,65,32,"(-35.268848, 149.141373)"
PLAR4,AINSLIE,TANBARK SURFACE,129,41,"(-35.268799, 149.141754)"
PLAR2,AINSLIE,TANBARK SURFACE,51,31,"(-35.268766, 149.141571)"
PLAR1,AINSLIE,NONE,436,87,"(-35.268349, 149.141830)"
PLGR461,AMAROO,,2117,163,"(-35.176746, 149.124413)"
PLGR478,AMAROO,,2799,189,"(-35.170422, 149.119614)"
PLAR586,AMAROO,TANBARK SURFACE,312,78,"(-35.173729, 149.135231)"
PLAR589,AMAROO,TANBARK SURFACE,273,64,"(-35.170422, 149.119614)"
PLAR570,AMAROO,TANBARK SURFACE,198,54,"(-35.172264, 149.127708)"
PLAR571,AMAROO,TANBARK SURFACE,109,38,"(-35.176746, 149.124420)"
PLAR575,AMAROO,TANBARK SURFACE,198,58,"(-35.169157, 149.124222)"
PLGR475,AMAROO,,3135,204,"(-35.173729, 149.135216)"
PLGR460,AMAROO,,2535,180,"(-35.172264, 149.127701)"
PLGR474,AMAROO,,2720,185,"(-35.167881, 149.131912)"
PLGR465,AMAROO,,2588,182,"(-35.169155, 149.124222)"
PLAR585,AMAROO,TANBARK SURFACE,266,61,"(-35.167881, 149.131897)"
PLGR84,ARANDA,,2296,171,"(-35.259800, 149.077271)"
PLAR98,ARANDA,TANBARK SURFACE,128,45,"(-35.260666, 149.083618)"
PLGR86,ARANDA,,2479,179,"(-35.257637, 149.081665)"
PLGR85,ARANDA,,2773,193,"(-35.260576, 149.083603)"
PLAR97,ARANDA,TANBARK SURFACE,76,36,"(-35.260502, 149.083572)"
PLGR87,ARANDA,,2412,175,"(-35.254345, 149.080856)"
PLAR96,ARANDA,TANBARK SURFACE,141,45,"(-35.259800, 149.077278)"
PLAR100,ARANDA,TANBARK SURFACE,159,53,"(-35.254345, 149.080864)"
PLAR99,ARANDA,TANBARK SURFACE,159,54,"(-35.257637, 149.081665)"
PLAR256,BANKS,TANBARK SURFACE,154,52,"(-35.475998, 149.095238)"
PLGR413,BANKS,,4480,249,"(-35.470612, 149.096626)"
PLAR514,BANKS,TANBARK SURFACE,138,44,"(-35.470734, 149.096611)"
PLAR513,BANKS,TANBARK SURFACE,167,48,"(-35.470524, 149.096535)"
PLAR512,BANKS,TANBARK SURFACE,113,41,"(-35.470488, 149.096756)"
PLGR212,BANKS,,2765,190,"(-35.471725, 149.100258)"
PLAR255,BANKS,TANBARK SURFACE,212,69,"(-35.471725, 149.100288)"
PLGR213,BANKS,,2444,177,"(-35.475998, 149.095245)"
PLGR195,BARTON,,2999,202,"(-35.315359, 149.137436)"
PLAR225,BARTON,RUBBER SURFACE,164,86,"(-35.315386, 149.137436)"
PLAR158,BELCONNEN,TANBARK SURFACE,191,49,"(-35.248165, 149.074821)"
PLAR157,BELCONNEN,TANBARK SURFACE,196,50,"(-35.245998, 149.072556)"
PLAR155,BELCONNEN,TANBARK SURFACE,450,100,"(-35.227892, 149.062347)"
PLAR154,BELCONNEN,TANBARK SURFACE,221,59,"(-35.231678, 149.059669)"
PLAR153,BELCONNEN,TANBARK SURFACE,230,55,"(-35.234516, 149.059952)"
PLAR152,BELCONNEN,TANBARK SURFACE,219,61,"(-35.229309, 149.074463)"
PLAR151,BELCONNEN,TANBARK SURFACE,142,45,"(-35.225876, 149.069160)"
PLAR150,BELCONNEN,RUBBER SURFACE,39,26,"(-35.243172, 149.069786)"
PLAR149,BELCONNEN,RUBBER SURFACE,313,82,"(-35.236492, 149.075111)"
PLGR486,BELCONNEN,,3024,197,"(-35.236485, 149.075089)"
PLGR507,BELCONNEN,,501,90,"(-35.224667, 149.069389)"
PLAR768,BELCONNEN,TANBARK SURFACE,341,143,"(-35.225704, 149.063057)"
PLGR606,BELCONNEN,,5635,275,"(-35.237827, 149.074646)"
PLGR621,BELCONNEN,,4231,364,"(-35.225708, 149.063065)"
PLGR137,BELCONNEN,,2429,175,"(-35.248180, 149.074814)"
PLGR136,BELCONNEN,,2452,176,"(-35.246010, 149.072540)"
PLGR134,BELCONNEN,,2596,182,"(-35.227890, 149.062393)"
PLGR133,BELCONNEN,,2653,184,"(-35.231678, 149.059677)"
PLGR132,BELCONNEN,,2581,180,"(-35.234531, 149.059959)"
PLGR131,BELCONNEN,,2660,185,"(-35.229317, 149.074448)"
PLGR130,BELCONNEN,,2044,161,"(-35.225872, 149.069183)"
PLAR599,BELCONNEN,TANBARK SURFACE,369,80,"(-35.235729, 149.074799)"
PLAR661,BELCONNEN,TANBARK SURFACE,107,41,"(-35.224686, 149.069366)"
PLGR533,BELCONNEN,,1214,130,"(-35.236004, 149.075119)"
PLAR766,BELCONNEN,TANBARK SURFACE,264,62,"(-35.226452, 149.063148)"
PLAR767,BELCONNEN,TANBARK SURFACE,54,28,"(-35.226498, 149.063004)"
PLAR744,BELCONNEN,ASPHALT SURFACE,1391,149,"(-35.237827, 149.074646)"
PLAR660,BELCONNEN,TANBARK SURFACE,162,86,"(-35.236004, 149.075111)"
PLGR128,BELCONNEN,,3155,202,"(-35.235729, 149.074806)"
PLGR129,BELCONNEN,,1821,152,"(-35.243172, 149.069771)"
PLAR781,BONNER,TANBARK SURFACE,63,33,"(-35.156048, 149.143578)"
PLAR780,BONNER,TANBARK SURFACE,47,29,"(-35.155960, 149.143600)"
PLGR624,BONNER,,935,108,"(-35.154125, 149.150322)"
PLGR623,BONNER,,1382,140,"(-35.156021, 149.143669)"
PLAR754,BONNER,TANBARK SURFACE,263,82,"(-35.159328, 149.142799)"
PLGR613,BONNER,,1318,135,"(-35.159328, 149.142799)"
PLAR719,BONNER,RUBBER SURFACE,113,41,"(-35.161888, 149.136307)"
PLAR785,BONNER,TANBARK SURFACE,165,46,"(-35.154125, 149.150322)"
PLAR782,BONNER,TANBARK SURFACE,67,33,"(-35.156063, 149.143768)"
PLGR593,BONNER,,841,104,"(-35.161888, 149.136307)"
PLGR586,BONYTHON,,1079,119,"(-35.433109, 149.085274)"
PLAR293,BONYTHON,TANBARK SURFACE,190,54,"(-35.429539, 149.078339)"
PLAR295,BONYTHON,TANBARK SURFACE,157,45,"(-35.436661, 149.086899)"
PLAR663,BONYTHON,RUBBER SURFACE,144,49,"(-35.426498, 149.071457)"
PLAR664,BONYTHON,ASPHALT SURFACE,177,53,"(-35.426716, 149.071632)"
PLAR665,BONYTHON,SAND SURFACE,101,49,"(-35.426342, 149.071777)"
PLAR662,BONYTHON,TANBARK SURFACE,392,93,"(-35.426527, 149.071579)"
PLAR702,BONYTHON,TANBARK SURFACE,203,57,"(-35.433109, 149.085281)"
PLGR243,BONYTHON,,2521,179,"(-35.429531, 149.078331)"
PLGR245,BONYTHON,,2305,170,"(-35.436661, 149.086906)"
PLGR535,BONYTHON,,2957,232,"(-35.426586, 149.071625)"
PLAR42,BRADDON,TANBARK SURFACE,303,78,"(-35.264908, 149.133850)"
PLGR30,BRADDON,,3113,203,"(-35.264908, 149.133850)"
PLAR162,BRUCE,TANBARK SURFACE,83,37,"(-35.249752, 149.082291)"
PLAR197,BRUCE,TANBARK SURFACE,352,67,"(-35.237579, 149.094879)"
PLGR170,BRUCE,,2957,193,"(-35.237579, 149.094887)"
PLGR139,BRUCE,,1067,116,"(-35.244488, 149.077621)"
PLGR140,BRUCE,,2070,162,"(-35.248699, 149.077362)"
PLGR141,BRUCE,,2054,161,"(-35.249752, 149.082298)"
PLAR161,BRUCE,TANBARK SURFACE,97,36,"(-35.248699, 149.077362)"
PLAR160,BRUCE,TANBARK SURFACE,219,54,"(-35.244488, 149.077621)"
PLAR407,CALWELL,TANBARK SURFACE,332,79,"(-35.439972, 149.097717)"
PLAR406,CALWELL,TANBARK SURFACE,177,48,"(-35.442005, 149.115883)"
PLAR405,CALWELL,TANBARK SURFACE,416,81,"(-35.437084, 149.113976)"
PLAR404,CALWELL,TANBARK SURFACE,194,51,"(-35.437317, 149.112656)"
PLGR324,CALWELL,,2732,188,"(-35.434746, 149.113174)"
PLGR322,CALWELL,,3075,199,"(-35.439976, 149.097717)"
PLAR409,CALWELL,TANBARK SURFACE,223,66,"(-35.434746, 149.113182)"
PLAR408,CALWELL,TANBARK SURFACE,185,54,"(-35.436443, 149.105652)"
PLGR319,CALWELL,,2463,176,"(-35.437317, 149.112656)"
PLGR320,CALWELL,,3256,204,"(-35.437084, 149.113976)"
PLGR321,CALWELL,,2385,173,"(-35.442005, 149.115883)"
PLGR323,CALWELL,,2508,179,"(-35.436443, 149.105652)"
PLGR29,CAMPBELL,,2051,162,"(-35.288841, 149.155426)"
PLGR28,CAMPBELL,,2744,188,"(-35.281361, 149.156189)"
PLGR26,CAMPBELL,,2554,184,"(-35.284733, 149.156013)"
PLGR27,CAMPBELL,,2438,176,"(-35.289223, 149.154518)"
PLGR25,CAMPBELL,,2468,177,"(-35.288235, 149.148705)"
PLGR24,CAMPBELL,,2807,189,"(-35.292263, 149.152893)"
PLAR39,CAMPBELL,TANBARK SURFACE,158,55,"(-35.289219, 149.154510)"
PLAR40,CAMPBELL,TANBARK SURFACE,238,63,"(-35.281361, 149.156181)"
PLAR37,CAMPBELL,TANBARK SURFACE,172,55,"(-35.284737, 149.156044)"
PLAR36,CAMPBELL,TANBARK SURFACE,178,52,"(-35.288239, 149.148712)"
PLAR35,CAMPBELL,TANBARK SURFACE,261,66,"(-35.292263, 149.152901)"
PLAR737,CASEY,TANBARK SURFACE,291,69,"(-35.172197, 149.094009)"
PLAR757,CASEY,TANBARK SURFACE,179,65,"(-35.166553, 149.097458)"
PLGR616,CASEY,,1499,145,"(-35.166624, 149.097412)"
PLGR599,CASEY,,1298,132,"(-35.172195, 149.094009)"
PLAR452,CHAPMAN,TANBARK SURFACE,101,46,"(-35.352161, 149.030914)"
PLAR457,CHAPMAN,TANBARK SURFACE,299,78,"(-35.360611, 149.043839)"
PLAR455,CHAPMAN,TANBARK SURFACE,92,43,"(-35.357376, 149.045929)"
PLAR456,CHAPMAN,TANBARK SURFACE,89,50,"(-35.357437, 149.045776)"
PLAR453,CHAPMAN,TANBARK SURFACE,229,68,"(-35.357311, 149.036629)"
PLAR517,CHAPMAN,TANBARK SURFACE,211,63,"(-35.350468, 149.028214)"
PLAR751,CHAPMAN,TANBARK SURFACE,146,49,"(-35.357548, 149.046051)"
PLGR364,CHAPMAN,,3100,202,"(-35.360611, 149.043839)"
PLGR363,CHAPMAN,,3296,211,"(-35.357445, 149.045906)"
PLGR362,CHAPMAN,,2805,191,"(-35.357311, 149.036636)"
PLGR416,CHAPMAN,,2680,185,"(-35.350468, 149.028214)"
PLGR361,CHAPMAN,,2274,171,"(-35.352161, 149.030914)"
PLGR157,CHARNWOOD,,3953,237,"(-35.201965, 149.038666)"
PLAR180,CHARNWOOD,TANBARK SURFACE,271,59,"(-35.202003, 149.038788)"
PLGR495,CHARNWOOD,,2515,179,"(-35.196209, 149.032143)"
PLAR174,CHARNWOOD,TANBARK SURFACE,226,63,"(-35.201199, 149.032066)"
PLGR418,CHARNWOOD,,2457,177,"(-35.196163, 149.038612)"
PLAR176,CHARNWOOD,TANBARK SURFACE,104,37,"(-35.198368, 149.034256)"
PLAR609,CHARNWOOD,TANBARK SURFACE,197,53,"(-35.196209, 149.032135)"
PLGR156,CHARNWOOD,,2739,186,"(-35.199886, 149.041748)"
PLGR155,CHARNWOOD,,1756,149,"(-35.198715, 149.044014)"
PLGR154,CHARNWOOD,,2105,163,"(-35.198368, 149.034264)"
PLGR152,CHARNWOOD,,2695,186,"(-35.201199, 149.032059)"
PLAR177,CHARNWOOD,TANBARK SURFACE,37,23,"(-35.198715, 149.044014)"
PLAR178,CHARNWOOD,TANBARK SURFACE,284,60,"(-35.199886, 149.041756)"
PLAR179,CHARNWOOD,TANBARK SURFACE,97,35,"(-35.201897, 149.038483)"
PLAR519,CHARNWOOD,TANBARK SURFACE,171,51,"(-35.196163, 149.038605)"
PLGR578,CHIFLEY,,2339,180,"(-35.352154, 149.076981)"
PLGR372,CHIFLEY,,2593,196,"(-35.352562, 149.076675)"
PLGR373,CHIFLEY,,2244,170,"(-35.353844, 149.082169)"
PLAR683,CHIFLEY,TANBARK SURFACE,170,52,"(-35.352539, 149.076775)"
PLAR684,CHIFLEY,CONCRETE SURFACE,851,117,"(-35.352154, 149.076981)"
PLAR635,CHIFLEY,TANBARK SURFACE,204,54,"(-35.352699, 149.076546)"
PLAR467,CHIFLEY,TANBARK SURFACE,111,44,"(-35.353844, 149.082169)"
PLAR466,CHIFLEY,TANBARK SURFACE,119,44,"(-35.352409, 149.076607)"
PLAR278,CHISHOLM,TANBARK SURFACE,224,54,"(-35.423996, 149.134277)"
PLAR282,CHISHOLM,TANBARK SURFACE,204,51,"(-35.414974, 149.124191)"
PLGR231,CHISHOLM,,2552,181,"(-35.427261, 149.129028)"
PLAR276,CHISHOLM,TANBARK SURFACE,155,51,"(-35.426739, 149.120644)"
PLAR729,CHISHOLM,TANBARK SURFACE,189,52,"(-35.427254, 149.129013)"
PLAR50,CHISHOLM,TANBARK SURFACE,292,65,"(-35.420231, 149.121040)"
PLGR230,CHISHOLM,,2430,177,"(-35.426739, 149.120636)"
PLGR40,CHISHOLM,,2840,190,"(-35.420231, 149.121040)"
PLGR236,CHISHOLM,,2480,177,"(-35.414974, 149.124191)"
PLGR235,CHISHOLM,,2264,169,"(-35.414993, 149.120964)"
PLGR234,CHISHOLM,,2833,189,"(-35.421261, 149.121857)"
PLGR233,CHISHOLM,,2689,186,"(-35.422314, 149.116867)"
PLAR279,CHISHOLM,TANBARK SURFACE,229,60,"(-35.422314, 149.116875)"
PLAR280,CHISHOLM,TANBARK SURFACE,312,63,"(-35.421261, 149.121849)"
PLAR281,CHISHOLM,TANBARK SURFACE,128,45,"(-35.414993, 149.120972)"
PLGR232,CHISHOLM,,2556,179,"(-35.423996, 149.134285)"
PLGR31,CITY,,204,59,"(-35.281036, 149.135979)"
PLAR769,CITY,ASPHALT SURFACE,241,62,"(-35.277935, 149.134506)"
PLAR43,CITY,RUBBER SURFACE,132,43,"(-35.281033, 149.135994)"
PLGR604,CITY,,2035,161,"(-35.277981, 149.134529)"
PLGR244,CONDER,,2204,167,"(-35.456833, 149.101501)"
PLGR219,CONDER,,4584,250,"(-35.464420, 149.102974)"
PLGR220,CONDER,,2671,186,"(-35.463821, 149.108276)"
PLGR607,CONDER,,1125,121,"(-35.450321, 149.093933)"
PLGR222,CONDER,,2981,197,"(-35.461208, 149.092949)"
PLAR745,CONDER,MULCH,235,57,"(-35.450315, 149.093933)"
PLAR263,CONDER,TANBARK SURFACE,370,77,"(-35.464424, 149.103119)"
PLAR264,CONDER,TANBARK SURFACE,202,63,"(-35.463821, 149.108276)"
PLAR266,CONDER,TANBARK SURFACE,90,36,"(-35.461189, 149.093040)"
PLAR294,CONDER,TANBARK SURFACE,123,41,"(-35.456833, 149.101494)"
PLAR262,CONDER,TANBARK SURFACE,337,66,"(-35.464390, 149.102837)"
PLAR697,COOK,MULCH,56,32,"(-35.258894, 149.062042)"
PLAR698,COOK,MULCH,215,66,"(-35.259007, 149.061951)"
PLGR165,COOK,,2486,178,"(-35.255867, 149.071953)"
PLGR166,COOK,,2771,189,"(-35.258141, 149.071236)"
PLGR167,COOK,,2171,166,"(-35.265018, 149.069168)"
PLGR168,COOK,,2344,172,"(-35.260941, 149.064323)"
PLGR169,COOK,,1965,157,"(-35.257599, 149.056099)"
PLGR583,COOK,,1552,146,"(-35.258968, 149.061951)"
PLAR191,COOK,TANBARK SURFACE,168,54,"(-35.255863, 149.071945)"
PLAR192,COOK,TANBARK SURFACE,97,37,"(-35.258091, 149.071281)"
PLAR193,COOK,TANBARK SURFACE,113,41,"(-35.258183, 149.071190)"
PLAR194,COOK,TANBARK SURFACE,108,40,"(-35.265022, 149.069168)"
PLAR195,COOK,TANBARK SURFACE,167,46,"(-35.260941, 149.064323)"
PLAR196,COOK,TANBARK SURFACE,74,32,"(-35.257599, 149.056091)"
PLGR622,CRACE,,1088,119,"(-35.197403, 149.107094)"
PLGR611,CRACE,,676,94,"(-35.202377, 149.104759)"
PLAR748,CRACE,RUBBER SURFACE,52,31,"(-35.202377, 149.104752)"
PLGR626,CRACE,,2964,209,"(-35.201702, 149.102478)"
PLAR786,CRACE,RUBBER SURFACE,207,55,"(-35.197403, 149.107094)"
PLAR792,CRACE,TANBARK SURFACE,108,42,"(-35.201778, 149.102341)"
PLAR791,CRACE,TANBARK SURFACE,176,53,"(-35.201847, 149.102531)"
PLAR790,CRACE,RUBBER SURFACE,190,55,"(-35.201630, 149.102585)"
PLAR789,CRACE,RUBBER SURFACE,181,68,"(-35.201580, 149.102417)"
PLAR788,CRACE,TANBARK SURFACE,54,32,"(-35.201536, 149.102310)"
PLGR367,CURTIN,,2201,168,"(-35.326454, 149.080406)"
PLAR750,CURTIN,TANBARK SURFACE,46,26,"(-35.320917, 149.084106)"
PLGR369,CURTIN,,4197,266,"(-35.320786, 149.084145)"
PLGR370,CURTIN,,2578,181,"(-35.320728, 149.074600)"
PLGR371,CURTIN,,2175,166,"(-35.321365, 149.080437)"
PLAR465,CURTIN,TANBARK SURFACE,101,42,"(-35.321365, 149.080444)"
PLAR458,CURTIN,TANBARK SURFACE,64,32,"(-35.331619, 149.081970)"
PLGR366,CURTIN,,2386,175,"(-35.332497, 149.076508)"
PLGR365,CURTIN,,1963,158,"(-35.331619, 149.081963)"
PLAR464,CURTIN,TANBARK SURFACE,208,56,"(-35.320728, 149.074608)"
PLAR463,CURTIN,TANBARK SURFACE,110,37,"(-35.320812, 149.084320)"
PLAR462,CURTIN,TANBARK SURFACE,84,35,"(-35.320778, 149.084045)"
PLAR461,CURTIN,TANBARK SURFACE,342,76,"(-35.324230, 149.083153)"
PLAR460,CURTIN,TANBARK SURFACE,102,42,"(-35.326454, 149.080406)"
PLAR459,CURTIN,TANBARK SURFACE,141,51,"(-35.332497, 149.076515)"
PLGR368,CURTIN,,3107,201,"(-35.324230, 149.083145)"
PLAR630,DEAKIN,TANBARK SURFACE,169,56,"(-35.314178, 149.104744)"
PLGR206,DEAKIN,,3819,229,"(-35.319118, 149.100548)"
PLAR631,DEAKIN,CONCRETE SURFACE,206,57,"(-35.314770, 149.105789)"
PLGR205,DEAKIN,,2760,188,"(-35.317989, 149.112152)"
PLGR515,DEAKIN,,2610,183,"(-35.314770, 149.105789)"
PLGR514,DEAKIN,,3122,201,"(-35.314175, 149.104744)"
PLAR244,DEAKIN,ASPHALT SURFACE,200,57,"(-35.319157, 149.100655)"
PLAR243,DEAKIN,TANBARK SURFACE,234,60,"(-35.319077, 149.100433)"
PLAR242,DEAKIN,TANBARK SURFACE,245,64,"(-35.317989, 149.112160)"
PLAR19,DICKSON,TANBARK SURFACE,183,60,"(-35.256329, 149.133636)"
PLGR13,DICKSON,,1223,136,"(-35.255421, 149.136902)"
PLGR180,DICKSON,,1879,154,"(-35.255684, 149.133385)"
PLAR20,DICKSON,TANBARK SURFACE,184,57,"(-35.255424, 149.136925)"
PLGR10,DICKSON,,1612,144,"(-35.252693, 149.149208)"
PLGR12,DICKSON,,2613,184,"(-35.256329, 149.133629)"
PLAR207,DICKSON,TANBARK SURFACE,47,29,"(-35.255686, 149.133377)"
PLAR17,DICKSON,TANBARK SURFACE,273,63,"(-35.252701, 149.149200)"
PLGR9,DOWNER,,4983,272,"(-35.244755, 149.148918)"
PLAR703,DOWNER,TANBARK SURFACE,485,93,"(-35.246407, 149.143303)"
PLGR6,DOWNER,,2269,170,"(-35.242733, 149.140862)"
PLGR7,DOWNER,,2817,190,"(-35.246513, 149.138527)"
PLAR16,DOWNER,TANBARK SURFACE,82,34,"(-35.244946, 149.148842)"
PLGR587,DOWNER,,1700,151,"(-35.246407, 149.143303)"
PLAR13,DOWNER,TANBARK SURFACE,29,19,"(-35.244537, 149.149010)"
PLAR11,DOWNER,TANBARK SURFACE,278,65,"(-35.246513, 149.138527)"
PLAR10,DOWNER,TANBARK SURFACE,129,44,"(-35.242723, 149.140854)"
PLAR9,DOWNER,TANBARK SURFACE,256,69,"(-35.240963, 149.144554)"
PLGR5,DOWNER,,2849,192,"(-35.240963, 149.144554)"
PLAR14,DOWNER,TANBARK SURFACE,95,36,"(-35.244781, 149.148773)"
PLAR443,DUFFY,TANBARK SURFACE,180,54,"(-35.341286, 149.029991)"
PLAR442,DUFFY,TANBARK SURFACE,160,52,"(-35.340475, 149.037003)"
PLAR444,DUFFY,TANBARK SURFACE,159,50,"(-35.336555, 149.032913)"
PLAR445,DUFFY,TANBARK SURFACE,168,54,"(-35.334116, 149.030029)"
PLAR446,DUFFY,TANBARK SURFACE,194,54,"(-35.331413, 149.037857)"
PLGR356,DUFFY,,2630,184,"(-35.331306, 149.037689)"
PLGR355,DUFFY,,2504,179,"(-35.334114, 149.030037)"
PLGR354,DUFFY,,2408,176,"(-35.336590, 149.032913)"
PLGR353,DUFFY,,2524,180,"(-35.341286, 149.029991)"
PLGR352,DUFFY,,2453,177,"(-35.340458, 149.037033)"
PLAR198,DUNLOP,TANBARK SURFACE,142,43,"(-35.199978, 149.015175)"
PLAR674,DUNLOP,MULCH,184,48,"(-35.191624, 149.032097)"
PLAR516,DUNLOP,TANBARK SURFACE,290,68,"(-35.194263, 149.019882)"
PLGR171,DUNLOP,,2262,169,"(-35.199978, 149.015182)"
PLGR411,DUNLOP,,2705,185,"(-35.192902, 149.022903)"
PLGR412,DUNLOP,,2467,177,"(-35.199444, 149.019791)"
PLGR415,DUNLOP,,2909,194,"(-35.194263, 149.019890)"
PLGR481,DUNLOP,,2875,192,"(-35.195919, 149.026924)"
PLAR511,DUNLOP,TANBARK SURFACE,181,51,"(-35.199444, 149.019791)"
PLAR510,DUNLOP,TANBARK SURFACE,268,59,"(-35.192902, 149.022911)"
PLGR542,DUNLOP,,1317,133,"(-35.187031, 149.020477)"
PLGR545,DUNLOP,,1255,131,"(-35.186165, 149.031006)"
PLGR543,DUNLOP,,1237,128,"(-35.191584, 149.032089)"
PLGR531,DUNLOP,,1184,125,"(-35.188408, 149.017746)"
PLAR642,DUNLOP,RUBBER SURFACE,186,58,"(-35.191303, 149.017059)"
PLAR673,DUNLOP,TANBARK SURFACE,295,71,"(-35.187033, 149.020477)"
PLGR521,DUNLOP,,2608,184,"(-35.191303, 149.017059)"
PLAR676,DUNLOP,TANBARK SURFACE,260,68,"(-35.186165, 149.031006)"
PLAR658,DUNLOP,CONCRETE SURFACE,244,63,"(-35.188408, 149.017746)"
PLAR675,DUNLOP,MULCH,62,35,"(-35.191517, 149.032066)"
PLAR592,DUNLOP,TANBARK SURFACE,290,66,"(-35.195919, 149.026917)"
PLAR181,EVATT,TANBARK SURFACE,193,50,"(-35.203991, 149.071724)"
PLGR485,EVATT,,3089,200,"(-35.218410, 149.060837)"
PLAR183,EVATT,CONCRETE SURFACE,41,25,"(-35.209553, 149.077347)"
PLAR184,EVATT,TANBARK SURFACE,212,55,"(-35.209623, 149.077164)"
PLAR186,EVATT,SAND SURFACE,197,53,"(-35.208996, 149.068718)"
PLAR187,EVATT,TANBARK SURFACE,236,65,"(-35.209152, 149.068718)"
PLAR553,EVATT,TANBARK SURFACE,190,60,"(-35.211349, 149.064728)"
PLAR554,EVATT,TANBARK SURFACE,136,46,"(-35.211449, 149.065025)"
PLAR188,EVATT,TANBARK SURFACE,218,60,"(-35.218021, 149.066978)"
PLAR189,EVATT,TANBARK SURFACE,151,44,"(-35.215832, 149.057495)"
PLAR598,EVATT,TANBARK SURFACE,332,76,"(-35.218410, 149.060837)"
PLGR158,EVATT,,2442,175,"(-35.203991, 149.071732)"
PLGR159,EVATT,,2435,177,"(-35.206093, 149.074455)"
PLGR160,EVATT,,3214,207,"(-35.209614, 149.077225)"
PLGR161,EVATT,,2347,176,"(-35.209076, 149.068718)"
PLGR162,EVATT,,2644,184,"(-35.218021, 149.066971)"
PLGR163,EVATT,,2287,170,"(-35.215836, 149.057495)"
PLGR443,EVATT,,4045,243,"(-35.211391, 149.064873)"
PLAR182,EVATT,TANBARK SURFACE,158,52,"(-35.206093, 149.074463)"
PLAR268,FADDEN,TANBARK SURFACE,152,55,"(-35.399338, 149.117935)"
PLAR623,FADDEN,TANBARK SURFACE,264,72,"(-35.410847, 149.120438)"
PLAR275,FADDEN,TANBARK SURFACE,120,44,"(-35.400467, 149.121277)"
PLAR274,FADDEN,TANBARK SURFACE,294,62,"(-35.411217, 149.120132)"
PLAR272,FADDEN,TANBARK SURFACE,337,73,"(-35.411049, 149.120941)"
PLAR269,FADDEN,TANBARK SURFACE,149,54,"(-35.404491, 149.111435)"
PLAR624,FADDEN,TANBARK SURFACE,208,55,"(-35.397884, 149.116707)"
PLGR509,FADDEN,,2564,181,"(-35.397884, 149.116699)"
PLGR224,FADDEN,,2480,179,"(-35.399336, 149.117935)"
PLGR225,FADDEN,,2431,176,"(-35.404491, 149.111435)"
PLGR228,FADDEN,,6367,426,"(-35.411022, 149.120697)"
PLGR229,FADDEN,,2247,169,"(-35.400467, 149.121277)"
PLAR439,FARRER,TANBARK SURFACE,193,53,"(-35.381443, 149.109459)"
PLAR438,FARRER,TANBARK SURFACE,361,70,"(-35.379440, 149.111214)"
PLAR441,FARRER,TANBARK SURFACE,83,42,"(-35.374197, 149.102554)"
PLAR440,FARRER,TANBARK SURFACE,266,67,"(-35.374554, 149.095718)"
PLGR351,FARRER,,2141,165,"(-35.374195, 149.102547)"
PLGR350,FARRER,,2843,191,"(-35.374554, 149.095703)"
PLGR349,FARRER,,2515,179,"(-35.381443, 149.109467)"
PLGR348,FARRER,,3010,195,"(-35.379440, 149.111221)"
PLGR409,FISHER,,2478,178,"(-35.362259, 149.051636)"
PLGR468,FISHER,,2689,185,"(-35.362915, 149.061722)"
PLGR337,FISHER,,2848,191,"(-35.357693, 149.052391)"
PLAR508,FISHER,TANBARK SURFACE,172,52,"(-35.362259, 149.051643)"
PLAR426,FISHER,TANBARK SURFACE,284,65,"(-35.357693, 149.052391)"
PLAR427,FISHER,TANBARK SURFACE,177,49,"(-35.360489, 149.057449)"
PLAR579,FISHER,TANBARK SURFACE,241,60,"(-35.362917, 149.061722)"
PLGR338,FISHER,,2424,175,"(-35.360489, 149.057457)"
PLAR106,FLOREY,TANBARK SURFACE,183,48,"(-35.231686, 149.052139)"
PLAR105,FLOREY,TANBARK SURFACE,272,68,"(-35.227482, 149.048256)"
PLAR104,FLOREY,TANBARK SURFACE,166,52,"(-35.223736, 149.047600)"
PLGR93,FLOREY,,2403,174,"(-35.231686, 149.052139)"
PLGR92,FLOREY,,2849,191,"(-35.227482, 149.048256)"
PLAR102,FLOREY,TANBARK SURFACE,155,47,"(-35.226597, 149.054611)"
PLGR90,FLOREY,,2470,176,"(-35.223679, 149.057098)"
PLGR89,FLOREY,,2354,173,"(-35.226597, 149.054604)"
PLAR626,FLOREY,TANBARK SURFACE,174,49,"(-35.226578, 149.038742)"
PLAR103,FLOREY,TANBARK SURFACE,203,51,"(-35.223679, 149.057098)"
PLGR513,FLOREY,,2411,175,"(-35.226578, 149.038742)"
PLGR91,FLOREY,,2448,177,"(-35.223736, 149.047585)"
PLGR149,FLYNN,,2357,173,"(-35.199272, 149.050911)"
PLGR148,FLYNN,,2612,182,"(-35.203217, 149.045898)"
PLGR147,FLYNN,,3470,220,"(-35.206612, 149.039162)"
PLAR610,FLYNN,TANBARK SURFACE,157,53,"(-35.207516, 149.043976)"
PLAR169,FLYNN,NONE,38,25,"(-35.206635, 149.038986)"
PLAR168,FLYNN,TANBARK SURFACE,186,51,"(-35.206604, 149.039284)"
PLAR172,FLYNN,TANBARK SURFACE,209,56,"(-35.210239, 149.045158)"
PLAR171,FLYNN,TANBARK SURFACE,143,48,"(-35.199272, 149.050911)"
PLAR170,FLYNN,TANBARK SURFACE,217,58,"(-35.203217, 149.045906)"
PLGR150,FLYNN,,2567,180,"(-35.210239, 149.045174)"
PLGR496,FLYNN,,2538,180,"(-35.207535, 149.043983)"
PLGR619,FORDE,,1982,170,"(-35.168293, 149.146439)"
PLAR721,FORDE,TANBARK SURFACE,260,71,"(-35.172894, 149.141266)"
PLGR610,FORDE,,668,94,"(-35.173565, 149.150429)"
PLGR612,FORDE,,1296,132,"(-35.176048, 149.145126)"
PLGR594,FORDE,,2162,177,"(-35.172966, 149.141342)"
PLGR600,FORDE,,1335,133,"(-35.168938, 149.151367)"
PLAR738,FORDE,TANBARK SURFACE,314,71,"(-35.168938, 149.151367)"
PLAR752,FORDE,TANBARK SURFACE,188,56,"(-35.176029, 149.145149)"
PLAR753,FORDE,TANBARK SURFACE,73,34,"(-35.176098, 149.145081)"
PLAR747,FORDE,TANBARK SURFACE,58,28,"(-35.173561, 149.150429)"
PLAR763,FORDE,TANBARK SURFACE,482,90,"(-35.168312, 149.146446)"
PLAR762,FORDE,TANBARK SURFACE,81,37,"(-35.168213, 149.146255)"
PLAR688,FORDE,CONCRETE SURFACE,279,67,"(-35.167854, 149.143860)"
PLAR720,FORDE,RUBBER SURFACE,409,112,"(-35.172894, 149.141388)"
PLGR560,FORDE,,1024,128,"(-35.167850, 149.143867)"
PLGR529,FRANKLIN,,1309,134,"(-35.205555, 149.136711)"
PLGR596,FRANKLIN,,1171,126,"(-35.188728, 149.145317)"
PLGR597,FRANKLIN,,1297,135,"(-35.192234, 149.149452)"
PLGR528,FRANKLIN,,1174,125,"(-35.200439, 149.139061)"
PLAR632,FRANKLIN,TANBARK SURFACE,190,49,"(-35.205585, 149.141808)"
PLAR633,FRANKLIN,TANBARK SURFACE,72,30,"(-35.205696, 149.141731)"
PLAR732,FRANKLIN,TANBARK SURFACE,85,37,"(-35.192255, 149.149551)"
PLAR733,FRANKLIN,TANBARK SURFACE,110,42,"(-35.192230, 149.149429)"
PLAR734,FRANKLIN,GRAVEL SURFACE,26,21,"(-35.192190, 149.149338)"
PLAR730,FRANKLIN,TANBARK SURFACE,118,44,"(-35.188745, 149.145264)"
PLAR731,FRANKLIN,TANBARK SURFACE,63,32,"(-35.188696, 149.145386)"
PLAR653,FRANKLIN,TANBARK SURFACE,234,63,"(-35.200460, 149.139053)"
PLAR654,FRANKLIN,TANBARK SURFACE,221,58,"(-35.202618, 149.142532)"
PLAR655,FRANKLIN,TANBARK SURFACE,121,44,"(-35.202694, 149.142113)"
PLAR656,FRANKLIN,TANBARK SURFACE,60,28,"(-35.205563, 149.136604)"
PLAR657,FRANKLIN,TANBARK SURFACE,172,66,"(-35.205555, 149.136826)"
PLGR516,FRANKLIN,,2950,195,"(-35.205627, 149.141792)"
PLGR530,FRANKLIN,,2049,192,"(-35.202644, 149.142334)"
PLGR82,FRASER,,3088,204,"(-35.190922, 149.050133)"
PLGR83,FRASER,,1783,150,"(-35.194847, 149.057114)"
PLAR92,FRASER,TANBARK SURFACE,177,58,"(-35.192020, 149.040588)"
PLAR93,FRASER,TANBARK SURFACE,100,39,"(-35.190899, 149.050034)"
PLAR94,FRASER,TANBARK SURFACE,112,42,"(-35.190922, 149.050232)"
PLAR95,FRASER,TANBARK SURFACE,32,26,"(-35.194847, 149.057114)"
PLGR81,FRASER,,2520,179,"(-35.192024, 149.040588)"
PLAR429,GARRAN,TANBARK SURFACE,158,58,"(-35.340511, 149.111702)"
PLAR428,GARRAN,TANBARK SURFACE,153,51,"(-35.346291, 149.106377)"
PLGR340,GARRAN,,2565,183,"(-35.340511, 149.111717)"
PLGR339,GARRAN,,2427,177,"(-35.346291, 149.106377)"
PLAR284,GILMORE,TANBARK SURFACE,90,34,"(-35.420097, 149.138657)"
PLAR283,GILMORE,TANBARK SURFACE,105,38,"(-35.418324, 149.135452)"
PLGR237,GILMORE,,2112,163,"(-35.418324, 149.135452)"
PLAR777,GILMORE,TANBARK SURFACE,75,32,"(-35.421371, 149.142159)"
PLGR239,GILMORE,,1926,156,"(-35.421352, 149.142166)"
PLGR238,GILMORE,,2030,160,"(-35.420097, 149.138664)"
PLGR50,GIRALANG,,2670,185,"(-35.211197, 149.092003)"
PLGR49,GIRALANG,,2574,182,"(-35.213814, 149.097870)"
PLGR52,GIRALANG,,2287,171,"(-35.209515, 149.100060)"
PLGR53,GIRALANG,,2283,170,"(-35.214653, 149.091408)"
PLAR63,GIRALANG,TANBARK SURFACE,135,45,"(-35.214642, 149.091415)"
PLAR62,GIRALANG,TANBARK SURFACE,224,59,"(-35.209534, 149.100060)"
PLAR61,GIRALANG,TANBARK SURFACE,225,67,"(-35.205889, 149.092758)"
PLAR60,GIRALANG,TANBARK SURFACE,230,63,"(-35.211197, 149.092041)"
PLGR51,GIRALANG,,2794,191,"(-35.205883, 149.092735)"
PLAR59,GIRALANG,TANBARK SURFACE,221,60,"(-35.213799, 149.097870)"
PLAR58,GIRALANG,TANBARK SURFACE,129,40,"(-35.217110, 149.100700)"
PLGR48,GIRALANG,,2193,166,"(-35.217110, 149.100693)"
PLAR343,GORDON,TANBARK SURFACE,116,42,"(-35.451683, 149.082481)"
PLAR342,GORDON,ASPHALT SURFACE,278,69,"(-35.456383, 149.084213)"
PLAR341,GORDON,TANBARK SURFACE,371,78,"(-35.456352, 149.083473)"
PLAR340,GORDON,TANBARK SURFACE,357,76,"(-35.456310, 149.083771)"
PLAR339,GORDON,TANBARK SURFACE,378,89,"(-35.456219, 149.083221)"
PLAR338,GORDON,RUBBER SURFACE,908,145,"(-35.456123, 149.084129)"
PLAR337,GORDON,TANBARK SURFACE,503,105,"(-35.455769, 149.084579)"
PLAR336,GORDON,TANBARK SURFACE,353,103,"(-35.455732, 149.083130)"
PLAR261,GORDON,TANBARK SURFACE,164,47,"(-35.470940, 149.088501)"
PLAR260,GORDON,TANBARK SURFACE,123,42,"(-35.465441, 149.088821)"
PLAR259,GORDON,TANBARK SURFACE,457,98,"(-35.461258, 149.081039)"
PLAR258,GORDON,TANBARK SURFACE,161,46,"(-35.451202, 149.086472)"
PLAR257,GORDON,TANBARK SURFACE,221,56,"(-35.446159, 149.083801)"
PLGR218,GORDON,,2355,172,"(-35.470940, 149.088493)"
PLGR217,GORDON,,2220,168,"(-35.465439, 149.088829)"
PLGR216,GORDON,,3634,219,"(-35.461258, 149.081009)"
PLGR215,GORDON,,2339,172,"(-35.451202, 149.086464)"
PLGR214,GORDON,,2602,182,"(-35.446159, 149.083801)"
PLGR279,GORDON,,2216,168,"(-35.451683, 149.082481)"
PLGR278,GORDON,,18352,740,"(-35.456020, 149.084175)"
PLAR423,GOWRIE,TANBARK SURFACE,71,30,"(-35.407272, 149.111168)"
PLAR424,GOWRIE,TANBARK SURFACE,112,39,"(-35.408813, 149.114456)"
PLAR421,GOWRIE,TANBARK SURFACE,114,43,"(-35.407433, 149.104431)"
PLAR420,GOWRIE,TANBARK SURFACE,45,25,"(-35.408306, 149.108292)"
PLAR417,GOWRIE,TANBARK SURFACE,374,84,"(-35.415211, 149.107643)"
PLAR415,GOWRIE,TANBARK SURFACE,376,87,"(-35.414095, 149.110565)"
PLAR422,GOWRIE,TANBARK SURFACE,71,30,"(-35.407207, 149.111031)"
PLGR334,GOWRIE,,2625,185,"(-35.407238, 149.111099)"
PLGR333,GOWRIE,,2220,168,"(-35.407433, 149.104446)"
PLGR332,GOWRIE,,1797,150,"(-35.408306, 149.108299)"
PLAR749,GOWRIE,TANBARK SURFACE,89,36,"(-35.413975, 149.110397)"
PLGR329,GOWRIE,,3168,201,"(-35.415211, 149.107658)"
PLGR328,GOWRIE,,4187,238,"(-35.414085, 149.110458)"
PLGR335,GOWRIE,,2153,165,"(-35.408813, 149.114464)"
PLGR242,GREENWAY,,4908,261,"(-35.411037, 149.065536)"
PLGR417,GREENWAY,,2500,179,"(-35.413235, 149.062889)"
PLGR538,GREENWAY,,1026,125,"(-35.427402, 149.060150)"
PLAR286,GREENWAY,TANBARK SURFACE,654,105,"(-35.402809, 149.072403)"
PLAR287,GREENWAY,ASPHALT SURFACE,105,41,"(-35.402916, 149.071724)"
PLAR288,GREENWAY,TANBARK SURFACE,134,42,"(-35.403591, 149.066658)"
PLAR289,GREENWAY,TANBARK SURFACE,148,43,"(-35.410942, 149.065392)"
PLAR292,GREENWAY,TANBARK SURFACE,183,61,"(-35.411068, 149.065712)"
PLAR291,GREENWAY,TANBARK SURFACE,189,53,"(-35.411087, 149.065346)"
PLAR290,GREENWAY,SAND SURFACE,50,25,"(-35.411129, 149.065559)"
PLAR518,GREENWAY,TANBARK SURFACE,180,53,"(-35.413235, 149.062881)"
PLAR669,GREENWAY,TANBARK SURFACE,314,73,"(-35.427387, 149.060120)"
PLGR240,GREENWAY,,6073,358,"(-35.402840, 149.072128)"
PLGR241,GREENWAY,,2227,167,"(-35.403591, 149.066650)"
PLAR227,GRIFFITH,TANBARK SURFACE,187,58,"(-35.327785, 149.133820)"
PLGR201,GRIFFITH,,2940,194,"(-35.327702, 149.143860)"
PLGR200,GRIFFITH,,2901,194,"(-35.321941, 149.136795)"
PLGR197,GRIFFITH,,2567,181,"(-35.327797, 149.133820)"
PLGR199,GRIFFITH,,2405,175,"(-35.322876, 149.127136)"
PLAR228,GRIFFITH,TANBARK SURFACE,151,57,"(-35.323290, 149.134171)"
PLAR235,GRIFFITH,TANBARK SURFACE,317,70,"(-35.327707, 149.143875)"
PLAR234,GRIFFITH,TANBARK SURFACE,273,69,"(-35.321941, 149.136787)"
PLAR233,GRIFFITH,TANBARK SURFACE,159,50,"(-35.322876, 149.127129)"
PLAR230,GRIFFITH,TANBARK SURFACE,108,42,"(-35.323652, 149.134201)"
PLAR229,GRIFFITH,TANBARK SURFACE,39,27,"(-35.323486, 149.134201)"
PLGR198,GRIFFITH,,4898,281,"(-35.323471, 149.134109)"
PLAR759,GUNGAHLIN,TANBARK SURFACE,244,64,"(-35.183140, 149.145668)"
PLAR677,GUNGAHLIN,RUBBER SURFACE,45,27,"(-35.179035, 149.131287)"
PLAR678,GUNGAHLIN,TANBARK SURFACE,513,115,"(-35.179001, 149.131104)"
PLAR679,GUNGAHLIN,GRASS (SYNTHETIC),917,275,"(-35.179234, 149.130096)"
PLAR680,GUNGAHLIN,TANBARK SURFACE,149,61,"(-35.179440, 149.129738)"
PLAR681,GUNGAHLIN,TANBARK SURFACE,323,80,"(-35.179653, 149.129784)"
PLAR649,GUNGAHLIN,CONCRETE SURFACE,6,10,"(-35.186409, 149.134705)"
PLAR648,GUNGAHLIN,RUBBER SURFACE,118,46,"(-35.186481, 149.134705)"
PLAR593,GUNGAHLIN,RUBBER SURFACE,102,37,"(-35.179348, 149.140465)"
PLAR640,GUNGAHLIN,TANBARK SURFACE,213,63,"(-35.184734, 149.152443)"
PLAR639,GUNGAHLIN,TANBARK SURFACE,258,63,"(-35.187431, 149.151314)"
PLGR525,GUNGAHLIN,,2244,169,"(-35.186466, 149.134712)"
PLGR547,GUNGAHLIN,,7133,401,"(-35.179550, 149.129990)"
PLGR546,GUNGAHLIN,,2195,180,"(-35.178978, 149.131126)"
PLGR617,GUNGAHLIN,,1179,125,"(-35.183140, 149.145653)"
PLGR482,GUNGAHLIN,,2096,163,"(-35.179348, 149.140457)"
PLAR682,GUNGAHLIN,ASPHALT SURFACE,449,86,"(-35.179876, 149.129929)"
PLGR518,GUNGAHLIN,,1202,126,"(-35.187431, 149.151306)"
PLGR519,GUNGAHLIN,,1144,124,"(-35.184734, 149.152443)"
PLAR24,HACKETT,TANBARK SURFACE,35,25,"(-35.253605, 149.165909)"
PLAR25,HACKETT,TANBARK SURFACE,25,20,"(-35.253609, 149.165779)"
PLAR22,HACKETT,ASPHALT SURFACE,31,23,"(-35.253422, 149.165680)"
PLGR18,HACKETT,,2542,180,"(-35.244869, 149.163887)"
PLAR21,HACKETT,TANBARK SURFACE,243,66,"(-35.249479, 149.165237)"
PLGR15,HACKETT,,3567,218,"(-35.253517, 149.165802)"
PLGR16,HACKETT,,4098,247,"(-35.248711, 149.159744)"
PLGR17,HACKETT,,2769,189,"(-35.246807, 149.158577)"
PLAR23,HACKETT,TANBARK SURFACE,84,37,"(-35.253494, 149.165863)"
PLAR26,HACKETT,TANBARK SURFACE,203,56,"(-35.248699, 149.159607)"
PLAR28,HACKETT,TANBARK SURFACE,239,64,"(-35.246807, 149.158585)"
PLGR14,HACKETT,,2808,191,"(-35.249481, 149.165237)"
PLAR29,HACKETT,TANBARK SURFACE,192,55,"(-35.244869, 149.163879)"
PLAR556,HALL,TANBARK SURFACE,197,51,"(-35.171764, 149.070152)"
PLAR555,HALL,TANBARK SURFACE,58,28,"(-35.171619, 149.069946)"
PLGR445,HALL,,3426,216,"(-35.171711, 149.070076)"
PLGR508,HARRISON,,2334,173,"(-35.189133, 149.155975)"
PLAR793,HARRISON,TANBARK SURFACE,232,62,"(-35.206882, 149.157600)"
PLAR787,HARRISON,CONCRETE SURFACE,252,64,"(-35.207981, 149.160240)"
PLAR650,HARRISON,GRAVEL SURFACE,42,34,"(-35.203560, 149.152435)"
PLAR647,HARRISON,TANBARK SURFACE,90,35,"(-35.203598, 149.152374)"
PLAR646,HARRISON,TANBARK SURFACE,54,26,"(-35.203749, 149.151917)"
PLAR645,HARRISON,TANBARK SURFACE,109,37,"(-35.203648, 149.151787)"
PLAR652,HARRISON,TANBARK SURFACE,342,79,"(-35.198250, 149.157463)"
PLAR651,HARRISON,TANBARK SURFACE,285,70,"(-35.198059, 149.157257)"
PLAR622,HARRISON,TANBARK SURFACE,141,47,"(-35.189131, 149.155975)"
PLGR524,HARRISON,,2352,173,"(-35.203571, 149.152397)"
PLGR523,HARRISON,,2765,190,"(-35.203693, 149.151833)"
PLGR527,HARRISON,,1451,142,"(-35.198250, 149.157463)"
PLGR526,HARRISON,,1295,132,"(-35.198059, 149.157249)"
PLGR625,HARRISON,,1272,143,"(-35.207981, 149.160240)"
PLGR627,HARRISON,,1165,125,"(-35.206886, 149.157600)"
PLGR63,HAWKER,,1921,156,"(-35.251408, 149.039536)"
PLGR64,HAWKER,,3336,208,"(-35.249153, 149.034210)"
PLAR74,HAWKER,TANBARK SURFACE,426,83,"(-35.249147, 149.034210)"
PLAR73,HAWKER,TANBARK SURFACE,66,30,"(-35.251408, 149.039536)"
PLAR520,HAWKER,TANBARK SURFACE,199,52,"(-35.246792, 149.030342)"
PLGR493,HAWKER,,2212,168,"(-35.243443, 149.043884)"
PLGR419,HAWKER,,2496,178,"(-35.246792, 149.030342)"
PLAR607,HAWKER,RUBBER SURFACE,110,42,"(-35.243443, 149.043884)"
PLGR494,HIGGINS,,2635,184,"(-35.232662, 149.030281)"
PLAR107,HIGGINS,TANBARK SURFACE,59,28,"(-35.236980, 149.029114)"
PLAR108,HIGGINS,TANBARK SURFACE,35,24,"(-35.237377, 149.028809)"
PLAR110,HIGGINS,TANBARK SURFACE,149,51,"(-35.228077, 149.030090)"
PLGR97,HIGGINS,,2410,176,"(-35.230293, 149.021492)"
PLAR608,HIGGINS,TANBARK SURFACE,212,58,"(-35.232662, 149.030281)"
PLGR94,HIGGINS,,3631,303,"(-35.236980, 149.029114)"
PLGR96,HIGGINS,,2410,176,"(-35.228077, 149.030098)"
PLAR111,HIGGINS,TANBARK SURFACE,190,66,"(-35.230247, 149.021492)"
PLGR359,HOLDER,,2659,186,"(-35.333885, 149.046562)"
PLAR447,HOLDER,TANBARK SURFACE,173,47,"(-35.336983, 149.044678)"
PLGR358,HOLDER,,2562,182,"(-35.336899, 149.048904)"
PLGR357,HOLDER,,4296,246,"(-35.337120, 149.044601)"
PLAR448,HOLDER,TANBARK SURFACE,297,71,"(-35.337231, 149.044601)"
PLAR451,HOLDER,TANBARK SURFACE,190,57,"(-35.334547, 149.041428)"
PLAR450,HOLDER,TANBARK SURFACE,191,61,"(-35.333885, 149.046562)"
PLAR449,HOLDER,TANBARK SURFACE,173,57,"(-35.336903, 149.048904)"
PLGR360,HOLDER,,2583,183,"(-35.334549, 149.041435)"
PLGR121,HOLT,,2484,177,"(-35.223373, 149.002670)"
PLGR122,HOLT,,1366,137,"(-35.228973, 149.013191)"
PLGR123,HOLT,,1408,134,"(-35.225605, 149.009529)"
PLGR126,HOLT,,3106,232,"(-35.222324, 149.019196)"
PLAR700,HOLT,MULCH,124,46,"(-35.222198, 149.012650)"
PLAR699,HOLT,MULCH,51,33,"(-35.222275, 149.012550)"
PLAR614,HOLT,TANBARK SURFACE,182,54,"(-35.221073, 149.009720)"
PLAR638,HOLT,RUBBER SURFACE,95,38,"(-35.222324, 149.019043)"
PLAR146,HOLT,RUBBER SURFACE,294,69,"(-35.222286, 149.019295)"
PLAR140,HOLT,TANBARK SURFACE,252,59,"(-35.225605, 149.009529)"
PLAR139,HOLT,TANBARK SURFACE,170,62,"(-35.228973, 149.013199)"
PLAR138,HOLT,TANBARK SURFACE,197,52,"(-35.223373, 149.002670)"
PLGR499,HOLT,,2507,179,"(-35.221073, 149.009720)"
PLGR584,HOLT,,1157,126,"(-35.222218, 149.012611)"
PLGR343,HUGHES,,2092,164,"(-35.335781, 149.096603)"
PLGR344,HUGHES,,2625,184,"(-35.331768, 149.099487)"
PLAR431,HUGHES,TANBARK SURFACE,250,62,"(-35.335365, 149.090744)"
PLAR432,HUGHES,TANBARK SURFACE,66,39,"(-35.335775, 149.096603)"
PLAR433,HUGHES,TANBARK SURFACE,196,59,"(-35.331762, 149.099487)"
PLGR342,HUGHES,,2747,188,"(-35.335369, 149.090744)"
PLAR619,ISAACS,TANBARK SURFACE,97,36,"(-35.372494, 149.112373)"
PLGR347,ISAACS,,2143,164,"(-35.376881, 149.116371)"
PLGR345,ISAACS,,4232,253,"(-35.368313, 149.111153)"
PLAR620,ISAACS,TANBARK SURFACE,53,26,"(-35.372643, 149.112366)"
PLGR503,ISAACS,,2796,191,"(-35.372562, 149.112366)"
PLAR434,ISAACS,TANBARK SURFACE,164,52,"(-35.368401, 149.111320)"
PLAR435,ISAACS,TANBARK SURFACE,150,47,"(-35.368229, 149.111000)"
PLAR437,ISAACS,TANBARK SURFACE,117,38,"(-35.376881, 149.116371)"
PLGR280,ISABELLA PLAINS,,3238,203,"(-35.424648, 149.099335)"
PLGR282,ISABELLA PLAINS,,2264,170,"(-35.430634, 149.097382)"
PLGR281,ISABELLA PLAINS,,2348,173,"(-35.433681, 149.092293)"
PLAR346,ISABELLA PLAINS,TANBARK SURFACE,129,44,"(-35.430634, 149.097382)"
PLAR345,ISABELLA PLAINS,TANBARK SURFACE,148,47,"(-35.433681, 149.092293)"
PLAR344,ISABELLA PLAINS,TANBARK SURFACE,436,78,"(-35.424648, 149.099327)"
PLAR119,KALEEN,TANBARK SURFACE,163,52,"(-35.221355, 149.104385)"
PLGR487,KALEEN,,2403,176,"(-35.234211, 149.103432)"
PLAR121,KALEEN,TANBARK SURFACE,139,48,"(-35.216000, 149.112389)"
PLAR122,KALEEN,TANBARK SURFACE,160,55,"(-35.224094, 149.111816)"
PLAR123,KALEEN,TANBARK SURFACE,87,33,"(-35.222488, 149.114998)"
PLAR124,KALEEN,TANBARK SURFACE,171,47,"(-35.230995, 149.112732)"
PLAR125,KALEEN,TANBARK SURFACE,318,79,"(-35.228798, 149.115990)"
PLAR126,KALEEN,TANBARK SURFACE,241,70,"(-35.235188, 149.096611)"
PLAR128,KALEEN,TANBARK SURFACE,222,62,"(-35.231857, 149.102180)"
PLAR129,KALEEN,TANBARK SURFACE,130,41,"(-35.233864, 149.107368)"
PLAR600,KALEEN,RUBBER SURFACE,139,50,"(-35.234211, 149.103447)"
PLAR601,KALEEN,TANBARK SURFACE,212,61,"(-35.229065, 149.108322)"
PLGR109,KALEEN,,2360,172,"(-35.230995, 149.112732)"
PLGR110,KALEEN,,3075,200,"(-35.228798, 149.115990)"
PLGR111,KALEEN,,1541,145,"(-35.235188, 149.096611)"
PLGR113,KALEEN,,2604,183,"(-35.231857, 149.102180)"
PLGR114,KALEEN,,2197,166,"(-35.233864, 149.107361)"
PLGR104,KALEEN,,2442,176,"(-35.221355, 149.104393)"
PLGR105,KALEEN,,2383,173,"(-35.215454, 149.107849)"
PLGR106,KALEEN,,912,108,"(-35.216000, 149.112381)"
PLGR107,KALEEN,,985,113,"(-35.224094, 149.111816)"
PLGR108,KALEEN,,825,103,"(-35.222485, 149.114998)"
PLGR488,KALEEN,,2680,186,"(-35.229069, 149.108330)"
PLAR120,KALEEN,TANBARK SURFACE,177,47,"(-35.215454, 149.107841)"
PLAR347,KAMBAH,TANBARK SURFACE,194,57,"(-35.382694, 149.072220)"
PLAR351,KAMBAH,TANBARK SURFACE,230,58,"(-35.378639, 149.066216)"
PLAR352,KAMBAH,TANBARK SURFACE,236,75,"(-35.382717, 149.062294)"
PLAR353,KAMBAH,TANBARK SURFACE,114,44,"(-35.376503, 149.062698)"
PLAR354,KAMBAH,TANBARK SURFACE,76,32,"(-35.376902, 149.059357)"
PLAR355,KAMBAH,TANBARK SURFACE,196,61,"(-35.387598, 149.087357)"
PLAR356,KAMBAH,TANBARK SURFACE,91,37,"(-35.396187, 149.058510)"
PLAR357,KAMBAH,TANBARK SURFACE,177,53,"(-35.396376, 149.058136)"
PLAR358,KAMBAH,TANBARK SURFACE,116,48,"(-35.386599, 149.089798)"
PLAR359,KAMBAH,TANBARK SURFACE,202,56,"(-35.391342, 149.051743)"
PLAR360,KAMBAH,TANBARK SURFACE,193,58,"(-35.392399, 149.072693)"
PLAR361,KAMBAH,TANBARK SURFACE,338,122,"(-35.392876, 149.055573)"
PLAR362,KAMBAH,TANBARK SURFACE,184,50,"(-35.389641, 149.073311)"
PLAR363,KAMBAH,TANBARK SURFACE,25,18,"(-35.389606, 149.073151)"
PLAR364,KAMBAH,TANBARK SURFACE,28,19,"(-35.389988, 149.073151)"
PLAR365,KAMBAH,TANBARK SURFACE,71,34,"(-35.390814, 149.055481)"
PLAR367,KAMBAH,TANBARK SURFACE,516,98,"(-35.385164, 149.067520)"
PLAR368,KAMBAH,TANBARK SURFACE,123,48,"(-35.385674, 149.087502)"
PLAR369,KAMBAH,NONE,27,20,"(-35.389122, 149.051926)"
PLAR370,KAMBAH,TANBARK SURFACE,250,79,"(-35.389252, 149.051918)"
PLAR371,KAMBAH,TANBARK SURFACE,55,29,"(-35.389795, 149.049591)"
PLAR372,KAMBAH,TANBARK SURFACE,233,65,"(-35.398418, 149.065392)"
PLAR373,KAMBAH,TANBARK SURFACE,163,50,"(-35.395580, 149.047729)"
PLAR374,KAMBAH,TANBARK SURFACE,232,61,"(-35.398668, 149.061905)"
PLAR375,KAMBAH,TANBARK SURFACE,305,80,"(-35.391827, 149.063141)"
PLAR376,KAMBAH,TANBARK SURFACE,434,89,"(-35.391960, 149.063484)"
PLAR377,KAMBAH,TANBARK SURFACE,103,55,"(-35.392210, 149.063171)"
PLAR381,KAMBAH,TANBARK SURFACE,501,86,"(-35.392403, 149.063454)"
PLAR382,KAMBAH,NONE,22,21,"(-35.392441, 149.062119)"
PLAR383,KAMBAH,NONE,28,23,"(-35.392448, 149.062263)"
PLAR387,KAMBAH,RUBBER SURFACE,78,37,"(-35.380089, 149.058113)"
PLAR388,KAMBAH,TANBARK SURFACE,115,41,"(-35.384048, 149.079758)"
PLAR389,KAMBAH,TANBARK SURFACE,187,52,"(-35.387470, 149.077187)"
PLAR391,KAMBAH,TANBARK SURFACE,95,35,"(-35.389599, 149.078178)"
PLAR392,KAMBAH,TANBARK SURFACE,220,57,"(-35.388100, 149.082481)"
PLAR393,KAMBAH,ASPHALT SURFACE,25,20,"(-35.372267, 149.062241)"
PLAR394,KAMBAH,TANBARK SURFACE,211,54,"(-35.372383, 149.062187)"
PLAR395,KAMBAH,MULCH,134,55,"(-35.375910, 149.043091)"
PLAR397,KAMBAH,TANBARK SURFACE,203,61,"(-35.377686, 149.053192)"
PLAR398,KAMBAH,NONE,16,16,"(-35.377747, 149.053230)"
PLAR399,KAMBAH,TANBARK SURFACE,190,54,"(-35.379093, 149.049477)"
PLAR400,KAMBAH,TANBARK SURFACE,261,69,"(-35.380817, 149.046692)"
PLAR402,KAMBAH,TANBARK SURFACE,111,42,"(-35.383411, 149.050079)"
PLAR403,KAMBAH,TANBARK SURFACE,191,56,"(-35.388237, 149.055870)"
PLAR410,KAMBAH,TANBARK SURFACE,59,28,"(-35.392818, 149.044418)"
PLAR411,KAMBAH,TANBARK SURFACE,73,31,"(-35.392841, 149.044296)"
PLAR701,KAMBAH,RUBBER SURFACE,46,26,"(-35.391689, 149.063019)"
PLAR689,KAMBAH,MULCH,75,31,"(-35.385685, 149.071037)"
PLAR690,KAMBAH,MULCH,62,34,"(-35.385597, 149.071167)"
PLAR691,KAMBAH,MULCH,43,28,"(-35.385672, 149.071259)"
PLAR694,KAMBAH,CONCRETE SURFACE,95,42,"(-35.383499, 149.052605)"
PLAR695,KAMBAH,MULCH,49,29,"(-35.383423, 149.052307)"
PLAR696,KAMBAH,MULCH,204,59,"(-35.383266, 149.052055)"
PLAR692,KAMBAH,MULCH,113,38,"(-35.385635, 149.071434)"
PLAR693,KAMBAH,MULCH,60,28,"(-35.385468, 149.071335)"
PLAR778,KAMBAH,TANBARK SURFACE,89,34,"(-35.382313, 149.069778)"
PLAR779,KAMBAH,TANBARK SURFACE,62,31,"(-35.382360, 149.069977)"
PLAR784,KAMBAH,TANBARK SURFACE,81,32,"(-35.377012, 149.059311)"
PLAR718,KAMBAH,CONCRETE SURFACE,12,13,"(-35.392584, 149.063675)"
PLAR712,KAMBAH,RUBBER SURFACE,144,50,"(-35.392883, 149.063156)"
PLAR713,KAMBAH,CONCRETE SURFACE,59,31,"(-35.392626, 149.063171)"
PLAR714,KAMBAH,TANBARK SURFACE,194,82,"(-35.392712, 149.063438)"
PLAR715,KAMBAH,TANBARK SURFACE,97,42,"(-35.392262, 149.063751)"
PLAR716,KAMBAH,TANBARK SURFACE,268,128,"(-35.392544, 149.064026)"
PLGR285,KAMBAH,,2636,183,"(-35.378639, 149.066216)"
PLGR286,KAMBAH,,2963,199,"(-35.382717, 149.062286)"
PLGR283,KAMBAH,,2571,181,"(-35.382698, 149.072220)"
PLGR284,KAMBAH,,2902,198,"(-35.382359, 149.069862)"
PLGR300,KAMBAH,,3264,205,"(-35.389217, 149.051933)"
PLGR301,KAMBAH,,1895,155,"(-35.389797, 149.049591)"
PLGR302,KAMBAH,,2743,188,"(-35.398418, 149.065392)"
PLGR287,KAMBAH,,2209,167,"(-35.376503, 149.062698)"
PLGR288,KAMBAH,,2245,168,"(-35.376904, 149.059334)"
PLGR289,KAMBAH,,2650,185,"(-35.387600, 149.087357)"
PLGR290,KAMBAH,,4253,260,"(-35.396301, 149.058304)"
PLGR291,KAMBAH,,2308,172,"(-35.386589, 149.089790)"
PLGR292,KAMBAH,,2585,182,"(-35.391342, 149.051743)"
PLGR293,KAMBAH,,2603,183,"(-35.392380, 149.072693)"
PLGR294,KAMBAH,,3838,233,"(-35.392996, 149.055573)"
PLGR295,KAMBAH,,4357,273,"(-35.389790, 149.073257)"
PLGR296,KAMBAH,,2005,160,"(-35.390816, 149.055473)"
PLGR298,KAMBAH,,3720,223,"(-35.385139, 149.067520)"
PLGR299,KAMBAH,,2305,172,"(-35.385674, 149.087509)"
PLGR318,KAMBAH,,2557,181,"(-35.388237, 149.055870)"
PLGR325,KAMBAH,,2468,178,"(-35.392834, 149.044357)"
PLGR303,KAMBAH,,2415,175,"(-35.395580, 149.047729)"
PLGR304,KAMBAH,,2704,186,"(-35.398670, 149.061905)"
PLGR305,KAMBAH,,24852,825,"(-35.392334, 149.062935)"
PLGR306,KAMBAH,,2078,163,"(-35.380089, 149.058113)"
PLGR307,KAMBAH,,2190,167,"(-35.384048, 149.079765)"
PLGR308,KAMBAH,,3396,218,"(-35.387405, 149.077225)"
PLGR309,KAMBAH,,2058,161,"(-35.389599, 149.078178)"
PLGR310,KAMBAH,,2611,182,"(-35.388100, 149.082474)"
PLGR311,KAMBAH,,2894,194,"(-35.372341, 149.062195)"
PLGR312,KAMBAH,,1348,130,"(-35.375900, 149.043137)"
PLGR313,KAMBAH,,2716,187,"(-35.377686, 149.053169)"
PLGR314,KAMBAH,,2515,179,"(-35.379093, 149.049484)"
PLGR315,KAMBAH,,2836,191,"(-35.380821, 149.046700)"
PLGR317,KAMBAH,,2205,167,"(-35.383411, 149.050072)"
PLGR581,KAMBAH,,809,102,"(-35.383499, 149.052605)"
PLGR582,KAMBAH,,1679,166,"(-35.383327, 149.052147)"
PLGR580,KAMBAH,,2472,197,"(-35.385586, 149.071259)"
PLGR500,KINGSTON,,3476,214,"(-35.316746, 149.152794)"
PLAR615,KINGSTON,TANBARK SURFACE,210,63,"(-35.316795, 149.152748)"
PLAR616,KINGSTON,CONCRETE SURFACE,93,38,"(-35.316669, 149.152885)"
PLAR672,KOWEN,TANBARK SURFACE,184,55,"(-35.322430, 149.246330)"
PLAR671,KOWEN,TANBARK SURFACE,250,64,"(-35.327873, 149.248688)"
PLGR541,KOWEN,,1044,117,"(-35.322430, 149.246323)"
PLGR540,KOWEN,,1205,127,"(-35.327877, 149.248695)"
PLAR612,LATHAM,TANBARK SURFACE,83,36,"(-35.211605, 149.030411)"
PLAR611,LATHAM,TANBARK SURFACE,129,44,"(-35.217575, 149.033829)"
PLGR102,LATHAM,,2498,179,"(-35.221943, 149.030830)"
PLGR100,LATHAM,,2424,175,"(-35.217129, 149.026421)"
PLGR98,LATHAM,,3291,207,"(-35.214294, 149.025665)"
PLAR118,LATHAM,TANBARK SURFACE,218,53,"(-35.221996, 149.035789)"
PLAR117,LATHAM,TANBARK SURFACE,181,54,"(-35.221943, 149.030815)"
PLGR497,LATHAM,,2257,169,"(-35.217575, 149.033836)"
PLAR613,LATHAM,TANBARK SURFACE,47,26,"(-35.211533, 149.030624)"
PLAR112,LATHAM,TANBARK SURFACE,336,87,"(-35.214302, 149.025665)"
PLAR115,LATHAM,TANBARK SURFACE,173,50,"(-35.217129, 149.026413)"
PLGR103,LATHAM,,1370,132,"(-35.221992, 149.035797)"
PLGR498,LATHAM,,2959,201,"(-35.211571, 149.030510)"
PLAR34,LYNEHAM,TANBARK SURFACE,178,56,"(-35.254082, 149.131393)"
PLAR33,LYNEHAM,TANBARK SURFACE,144,54,"(-35.247787, 149.121048)"
PLAR32,LYNEHAM,TANBARK SURFACE,136,44,"(-35.240788, 149.119102)"
PLAR31,LYNEHAM,TANBARK SURFACE,334,74,"(-35.240883, 149.124023)"
PLAR30,LYNEHAM,TANBARK SURFACE,159,46,"(-35.237114, 149.122803)"
PLAR742,LYNEHAM,ASPHALT SURFACE,299,70,"(-35.247335, 149.120941)"
PLGR19,LYNEHAM,,2330,171,"(-35.237114, 149.122803)"
PLGR22,LYNEHAM,,2423,176,"(-35.247795, 149.121048)"
PLGR603,LYNEHAM,,2958,196,"(-35.247337, 149.120941)"
PLGR21,LYNEHAM,,2261,169,"(-35.240788, 149.119102)"
PLGR23,LYNEHAM,,2556,182,"(-35.254082, 149.131386)"
PLGR20,LYNEHAM,,3056,199,"(-35.240898, 149.123978)"
PLAR636,LYNEHAM,TANBARK SURFACE,46,29,"(-35.240749, 149.124115)"
PLAR472,LYONS,TANBARK SURFACE,60,29,"(-35.346378, 149.071655)"
PLGR376,LYONS,,3265,206,"(-35.336605, 149.073975)"
PLGR375,LYONS,,2267,170,"(-35.341091, 149.079468)"
PLGR374,LYONS,,2082,163,"(-35.345009, 149.075081)"
PLGR377,LYONS,,1890,154,"(-35.346378, 149.071648)"
PLAR469,LYONS,TANBARK SURFACE,119,45,"(-35.341091, 149.079475)"
PLAR468,LYONS,TANBARK SURFACE,82,37,"(-35.345009, 149.075089)"
PLAR471,LYONS,ASPHALT SURFACE,29,22,"(-35.336683, 149.073853)"
PLAR470,LYONS,TANBARK SURFACE,267,66,"(-35.336601, 149.074005)"
PLAR412,MACARTHUR,TANBARK SURFACE,98,40,"(-35.404652, 149.129089)"
PLAR413,MACARTHUR,RUBBER SURFACE,236,63,"(-35.408287, 149.128487)"
PLGR579,MACARTHUR,,1690,153,"(-35.408123, 149.129013)"
PLAR686,MACARTHUR,CONCRETE SURFACE,289,68,"(-35.408073, 149.129005)"
PLGR327,MACARTHUR,,2252,177,"(-35.408230, 149.128372)"
PLAR685,MACARTHUR,MULCH,380,85,"(-35.408207, 149.128304)"
PLGR326,MACARTHUR,,2150,165,"(-35.404652, 149.129097)"
PLAR794,MACGREGOR,TANBARK SURFACE,180,49,"(-35.205002, 149.002495)"
PLGR614,MACGREGOR,,925,111,"(-35.213093, 149.002441)"
PLGR447,MACGREGOR,,2221,168,"(-35.212933, 149.014511)"
PLGR618,MACGREGOR,,1200,127,"(-35.208574, 149.001862)"
PLGR532,MACGREGOR,,1054,119,"(-35.214470, 149.004868)"
PLGR76,MACGREGOR,,2318,173,"(-35.205582, 149.018066)"
PLGR77,MACGREGOR,,2069,161,"(-35.216648, 149.009026)"
PLGR78,MACGREGOR,,2047,161,"(-35.211044, 149.012665)"
PLGR79,MACGREGOR,,2455,176,"(-35.208191, 149.014404)"
PLGR80,MACGREGOR,,2652,185,"(-35.210030, 149.022125)"
PLAR659,MACGREGOR,TANBARK SURFACE,176,57,"(-35.214474, 149.004868)"
PLGR628,MACGREGOR,,974,111,"(-35.205002, 149.002487)"
PLAR557,MACGREGOR,GRAVEL SURFACE,115,42,"(-35.212933, 149.014526)"
PLAR755,MACGREGOR,TANBARK SURFACE,132,48,"(-35.213093, 149.002441)"
PLAR760,MACGREGOR,CONCRETE SURFACE,150,44,"(-35.208530, 149.001877)"
PLAR761,MACGREGOR,TANBARK SURFACE,79,32,"(-35.208637, 149.001839)"
PLAR87,MACGREGOR,TANBARK SURFACE,109,48,"(-35.205570, 149.018066)"
PLAR88,MACGREGOR,TANBARK SURFACE,100,36,"(-35.216648, 149.009033)"
PLAR89,MACGREGOR,TANBARK SURFACE,86,36,"(-35.211044, 149.012665)"
PLAR90,MACGREGOR,TANBARK SURFACE,195,50,"(-35.208191, 149.014397)"
PLAR91,MACGREGOR,TANBARK SURFACE,212,59,"(-35.210030, 149.022125)"
PLAR550,MACQUARIE,TANBARK SURFACE,73,31,"(-35.252487, 149.065956)"
PLGR46,MACQUARIE,,2149,166,"(-35.247906, 149.059471)"
PLGR45,MACQUARIE,,2063,161,"(-35.247089, 149.061302)"
PLGR47,MACQUARIE,,2048,160,"(-35.251774, 149.057228)"
PLGR440,MACQUARIE,,1952,157,"(-35.252487, 149.065956)"
PLGR44,MACQUARIE,,2350,173,"(-35.252800, 149.064293)"
PLGR42,MACQUARIE,,2647,183,"(-35.253811, 149.068207)"
PLAR52,MACQUARIE,TANBARK SURFACE,235,58,"(-35.253811, 149.068207)"
PLAR728,MACQUARIE,TANBARK SURFACE,247,78,"(-35.253361, 149.071533)"
PLAR57,MACQUARIE,TANBARK SURFACE,95,35,"(-35.251774, 149.057236)"
PLAR56,MACQUARIE,TANBARK SURFACE,94,40,"(-35.247906, 149.059479)"
PLAR55,MACQUARIE,TANBARK SURFACE,99,35,"(-35.247089, 149.061302)"
PLAR54,MACQUARIE,TANBARK SURFACE,140,50,"(-35.252800, 149.064285)"
PLGR43,MACQUARIE,,2511,179,"(-35.253365, 149.071434)"
PLGR407,MAWSON,,1880,154,"(-35.361031, 149.095482)"
PLAR507,MAWSON,TANBARK SURFACE,45,24,"(-35.356575, 149.094795)"
PLAR506,MAWSON,TANBARK SURFACE,63,28,"(-35.361031, 149.095482)"
PLGR406,MAWSON,,2328,172,"(-35.358440, 149.095604)"
PLAR504,MAWSON,TANBARK SURFACE,158,60,"(-35.370434, 149.098892)"
PLGR408,MAWSON,,1776,149,"(-35.356575, 149.094803)"
PLGR405,MAWSON,,2602,185,"(-35.370434, 149.098892)"
PLAR505,MAWSON,TANBARK SURFACE,127,49,"(-35.358440, 149.095627)"
PLAR66,MCKELLAR,TANBARK SURFACE,105,39,"(-35.221357, 149.073593)"
PLAR724,MCKELLAR,TANBARK SURFACE,224,55,"(-35.215366, 149.075943)"
PLAR65,MCKELLAR,TANBARK SURFACE,208,57,"(-35.217863, 149.071945)"
PLGR56,MCKELLAR,,2145,165,"(-35.221355, 149.073593)"
PLGR55,MCKELLAR,,2606,183,"(-35.217854, 149.071953)"
PLGR54,MCKELLAR,,2702,186,"(-35.215359, 149.075966)"
PLGR144,MELBA,,2434,175,"(-35.208172, 149.051453)"
PLGR145,MELBA,,2209,168,"(-35.205658, 149.053368)"
PLGR142,MELBA,,2489,178,"(-35.211533, 149.053429)"
PLGR143,MELBA,,2346,172,"(-35.217651, 149.047714)"
PLGR146,MELBA,,2796,189,"(-35.204700, 149.057930)"
PLAR167,MELBA,TANBARK SURFACE,268,64,"(-35.204697, 149.057938)"
PLAR166,MELBA,TANBARK SURFACE,103,43,"(-35.205658, 149.053375)"
PLAR165,MELBA,TANBARK SURFACE,191,49,"(-35.208172, 149.051460)"
PLAR164,MELBA,TANBARK SURFACE,168,46,"(-35.217651, 149.047714)"
PLAR163,MELBA,TANBARK SURFACE,195,52,"(-35.211533, 149.053421)"
PLGR254,MONASH,,2788,189,"(-35.409431, 149.096535)"
PLAR302,MONASH,TANBARK SURFACE,207,59,"(-35.418175, 149.089600)"
PLAR301,MONASH,TANBARK SURFACE,180,51,"(-35.415699, 149.082268)"
PLAR297,MONASH,TANBARK SURFACE,116,39,"(-35.419273, 149.097160)"
PLAR299,MONASH,TANBARK SURFACE,258,66,"(-35.418560, 149.083069)"
PLAR300,MONASH,TANBARK SURFACE,269,59,"(-35.419750, 149.077950)"
PLAR307,MONASH,TANBARK SURFACE,255,64,"(-35.409431, 149.096542)"
PLGR252,MONASH,,3771,229,"(-35.413868, 149.092117)"
PLGR251,MONASH,,2627,184,"(-35.418175, 149.089592)"
PLGR250,MONASH,,2463,177,"(-35.415699, 149.082268)"
PLGR249,MONASH,,2699,184,"(-35.419750, 149.077942)"
PLGR248,MONASH,,2791,189,"(-35.418560, 149.083054)"
PLGR247,MONASH,,2954,196,"(-35.419209, 149.097168)"
PLAR304,MONASH,TANBARK SURFACE,167,53,"(-35.413824, 149.092056)"
PLGR191,NARRABUNDAH,,3701,226,"(-35.329330, 149.153175)"
PLGR190,NARRABUNDAH,,2496,178,"(-35.338634, 149.141556)"
PLGR192,NARRABUNDAH,,2811,190,"(-35.331913, 149.157837)"
PLAR226,NARRABUNDAH,TANBARK SURFACE,155,51,"(-35.335419, 149.139977)"
PLAR222,NARRABUNDAH,TANBARK SURFACE,251,67,"(-35.331913, 149.157822)"
PLGR196,NARRABUNDAH,,2427,176,"(-35.335434, 149.139961)"
PLAR219,NARRABUNDAH,TANBARK SURFACE,200,52,"(-35.338619, 149.141571)"
PLAR218,NARRABUNDAH,TANBARK SURFACE,97,40,"(-35.337742, 149.137764)"
PLAR217,NARRABUNDAH,TANBARK SURFACE,80,37,"(-35.337673, 149.137924)"
PLGR189,NARRABUNDAH,,2974,199,"(-35.337711, 149.137817)"
PLGR605,NARRABUNDAH,,3617,219,"(-35.330299, 149.151901)"
PLAR220,NARRABUNDAH,TANBARK SURFACE,268,73,"(-35.329327, 149.153198)"
PLAR565,NGUNNAWAL,TANBARK SURFACE,193,57,"(-35.173172, 149.106941)"
PLAR566,NGUNNAWAL,TANBARK SURFACE,87,37,"(-35.173244, 149.107147)"
PLAR567,NGUNNAWAL,TANBARK SURFACE,93,37,"(-35.181305, 149.111160)"
PLAR573,NGUNNAWAL,TANBARK SURFACE,168,53,"(-35.165033, 149.102219)"
PLAR574,NGUNNAWAL,TANBARK SURFACE,223,57,"(-35.162251, 149.108612)"
PLAR591,NGUNNAWAL,RUBBER SURFACE,352,67,"(-35.174671, 149.119804)"
PLAR581,NGUNNAWAL,TANBARK SURFACE,110,38,"(-35.173267, 149.114174)"
PLAR582,NGUNNAWAL,TANBARK SURFACE,128,42,"(-35.180202, 149.119598)"
PLAR564,NGUNNAWAL,TANBARK SURFACE,100,37,"(-35.172810, 149.111122)"
PLAR558,NGUNNAWAL,TANBARK SURFACE,138,44,"(-35.176140, 149.109932)"
PLGR464,NGUNNAWAL,,2620,183,"(-35.162254, 149.108620)"
PLGR463,NGUNNAWAL,,2482,179,"(-35.165031, 149.102219)"
PLGR457,NGUNNAWAL,,2093,163,"(-35.181305, 149.111153)"
PLGR455,NGUNNAWAL,,3317,212,"(-35.173206, 149.107018)"
PLGR454,NGUNNAWAL,,2093,162,"(-35.172810, 149.111122)"
PLGR448,NGUNNAWAL,,2276,170,"(-35.176140, 149.109924)"
PLGR470,NGUNNAWAL,,2122,163,"(-35.173267, 149.114182)"
PLGR480,NGUNNAWAL,,2949,193,"(-35.174671, 149.119804)"
PLGR472,NGUNNAWAL,,2511,179,"(-35.171890, 149.102165)"
PLAR583,NGUNNAWAL,TANBARK SURFACE,189,53,"(-35.171890, 149.102165)"
PLGR471,NGUNNAWAL,,2220,167,"(-35.180202, 149.119598)"
PLGR615,NICHOLLS,,1491,150,"(-35.182125, 149.098167)"
PLGR466,NICHOLLS,,2956,195,"(-35.192265, 149.110085)"
PLGR476,NICHOLLS,,2550,180,"(-35.188824, 149.093330)"
PLGR477,NICHOLLS,,2700,186,"(-35.181396, 149.104462)"
PLGR458,NICHOLLS,,2696,186,"(-35.185783, 149.106010)"
PLGR591,NICHOLLS,,1132,122,"(-35.183853, 149.101738)"
PLGR483,NICHOLLS,,3016,197,"(-35.186668, 149.094040)"
PLGR462,NICHOLLS,,2675,185,"(-35.181484, 149.088486)"
PLAR710,NICHOLLS,MULCH,219,60,"(-35.183853, 149.101738)"
PLAR568,NICHOLLS,TANBARK SURFACE,222,63,"(-35.185783, 149.106018)"
PLAR572,NICHOLLS,TANBARK SURFACE,207,63,"(-35.181484, 149.088493)"
PLAR576,NICHOLLS,TANBARK SURFACE,307,71,"(-35.192265, 149.110092)"
PLAR756,NICHOLLS,TANBARK SURFACE,364,75,"(-35.182137, 149.098175)"
PLAR587,NICHOLLS,TANBARK SURFACE,205,55,"(-35.188824, 149.093338)"
PLAR588,NICHOLLS,TANBARK SURFACE,229,61,"(-35.181396, 149.104462)"
PLAR594,NICHOLLS,TANBARK SURFACE,333,72,"(-35.186668, 149.094048)"
PLAR201,"O""CONNOR",TANBARK SURFACE,250,60,"(-35.252466, 149.121414)"
PLGR176,"O""CONNOR",,3253,205,"(-35.256977, 149.111618)"
PLGR175,"O""CONNOR",,2917,193,"(-35.257446, 149.121002)"
PLGR177,"O""CONNOR",,2713,186,"(-35.264851, 149.113228)"
PLGR178,"O""CONNOR",,3385,209,"(-35.260822, 149.117851)"
PLGR179,"O""CONNOR",,2830,192,"(-35.263628, 149.124420)"
PLGR174,"O""CONNOR",,2698,185,"(-35.252468, 149.121422)"
PLAR206,"O""CONNOR",TANBARK SURFACE,238,68,"(-35.263660, 149.124420)"
PLAR205,"O""CONNOR",MULCH,456,101,"(-35.260857, 149.117889)"
PLAR204,"O""CONNOR",TANBARK SURFACE,211,68,"(-35.264820, 149.113228)"
PLAR203,"O""CONNOR",TANBARK SURFACE,392,82,"(-35.256977, 149.111618)"
PLAR202,"O""CONNOR",TANBARK SURFACE,315,67,"(-35.257446, 149.121002)"
PLAR725,"O""CONNOR",TANBARK SURFACE,21,16,"(-35.264885, 149.113388)"
PLGR404,"O""MALLEY",,2933,193,"(-35.355064, 149.106346)"
PLAR503,"O""MALLEY",TANBARK SURFACE,335,67,"(-35.355064, 149.106346)"
PLGR522,"O""MALLEY",,2616,183,"(-35.348820, 149.113564)"
PLGR403,"O""MALLEY",,3285,207,"(-35.361717, 149.106102)"
PLAR502,"O""MALLEY",TANBARK SURFACE,385,85,"(-35.361710, 149.106102)"
PLAR643,"O""MALLEY",TANBARK SURFACE,214,58,"(-35.348820, 149.113556)"
PLAR772,OAKS ESTATE,TANBARK SURFACE,55,27,"(-35.341854, 149.227524)"
PLGR188,OAKS ESTATE,,896,110,"(-35.340950, 149.230843)"
PLAR215,OAKS ESTATE,TANBARK SURFACE,119,53,"(-35.340954, 149.230835)"
PLGR187,OAKS ESTATE,,2189,166,"(-35.341999, 149.227455)"
PLAR773,OAKS ESTATE,CONCRETE SURFACE,20,18,"(-35.341888, 149.227386)"
PLAR308,OXLEY,TANBARK SURFACE,157,47,"(-35.406528, 149.078659)"
PLAR309,OXLEY,TANBARK SURFACE,111,39,"(-35.410027, 149.079132)"
PLGR256,OXLEY,,2427,176,"(-35.410027, 149.079163)"
PLGR255,OXLEY,,2354,173,"(-35.406528, 149.078659)"
PLAR310,OXLEY,TANBARK SURFACE,38,23,"(-35.410049, 149.079231)"
PLAR764,PADDYS RIVER,TANBARK SURFACE,557,97,"(-35.323765, 148.941376)"
PLAR668,PADDYS RIVER,TANBARK SURFACE,3057,246,"(-35.442944, 148.929840)"
PLAR783,PADDYS RIVER,CONCRETE SURFACE,89,38,"(-35.323914, 148.941154)"
PLGR620,PADDYS RIVER,,1961,173,"(-35.323776, 148.941360)"
PLGR537,PADDYS RIVER,,11304,413,"(-35.443001, 148.929924)"
PLAR81,PAGE,TANBARK SURFACE,145,49,"(-35.238155, 149.053291)"
PLAR82,PAGE,TANBARK SURFACE,286,71,"(-35.238102, 149.050217)"
PLAR83,PAGE,TANBARK SURFACE,228,58,"(-35.241848, 149.052040)"
PLAR84,PAGE,TANBARK SURFACE,250,77,"(-35.234997, 149.048279)"
PLAR85,PAGE,TANBARK SURFACE,129,47,"(-35.239656, 149.044968)"
PLAR86,PAGE,TANBARK SURFACE,158,51,"(-35.236973, 149.045235)"
PLGR74,PAGE,,2327,173,"(-35.239662, 149.044968)"
PLGR75,PAGE,,2434,177,"(-35.236973, 149.045235)"
PLGR73,PAGE,,3012,200,"(-35.234997, 149.048286)"
PLGR72,PAGE,,2648,184,"(-35.241848, 149.052032)"
PLGR71,PAGE,,2958,196,"(-35.238102, 149.050217)"
PLGR70,PAGE,,2390,175,"(-35.238155, 149.053299)"
PLGR452,PALMERSTON,,2300,171,"(-35.196144, 149.126099)"
PLGR453,PALMERSTON,,2408,175,"(-35.192272, 149.125603)"
PLGR451,PALMERSTON,,3293,205,"(-35.197308, 149.119087)"
PLGR592,PALMERSTON,,1022,116,"(-35.197411, 149.112816)"
PLAR561,PALMERSTON,TANBARK SURFACE,444,80,"(-35.197308, 149.119080)"
PLAR562,PALMERSTON,TANBARK SURFACE,141,45,"(-35.196146, 149.126099)"
PLAR563,PALMERSTON,TANBARK SURFACE,169,50,"(-35.192272, 149.125610)"
PLAR569,PALMERSTON,TANBARK SURFACE,186,55,"(-35.189966, 149.117233)"
PLGR459,PALMERSTON,,2546,181,"(-35.189976, 149.117226)"
PLAR711,PALMERSTON,TANBARK SURFACE,168,55,"(-35.197411, 149.112816)"
PLGR449,PALMERSTON,,2589,181,"(-35.194294, 149.112785)"
PLAR559,PALMERSTON,TANBARK SURFACE,212,57,"(-35.194294, 149.112785)"
PLGR402,PEARCE,,2327,173,"(-35.362408, 149.084908)"
PLAR499,PEARCE,TANBARK SURFACE,96,39,"(-35.365799, 149.080421)"
PLAR500,PEARCE,TANBARK SURFACE,223,60,"(-35.361889, 149.078964)"
PLGR401,PEARCE,,2674,185,"(-35.361889, 149.078964)"
PLGR400,PEARCE,,2124,164,"(-35.365799, 149.080421)"
PLAR501,PEARCE,TANBARK SURFACE,124,47,"(-35.362408, 149.084885)"
PLAR723,PHILLIP,CONCRETE SURFACE,290,238,"(-35.340853, 149.091660)"
PLAR722,PHILLIP,TANBARK SURFACE,193,61,"(-35.340763, 149.091492)"
PLAR476,PHILLIP,TANBARK SURFACE,155,51,"(-35.341805, 149.090179)"
PLAR475,PHILLIP,TANBARK SURFACE,113,45,"(-35.352375, 149.092911)"
PLAR474,PHILLIP,TANBARK SURFACE,126,48,"(-35.351654, 149.097809)"
PLAR473,PHILLIP,TANBARK SURFACE,163,54,"(-35.347588, 149.093643)"
PLGR595,PHILLIP,,2723,220,"(-35.340904, 149.091583)"
PLAR741,PHILLIP,CONCRETE SURFACE,193,61,"(-35.339859, 149.091660)"
PLGR381,PHILLIP,,2436,177,"(-35.341805, 149.090179)"
PLGR379,PHILLIP,,2341,174,"(-35.351654, 149.097794)"
PLGR378,PHILLIP,,2491,179,"(-35.347588, 149.093613)"
PLGR602,PHILLIP,,1109,122,"(-35.339897, 149.091713)"
PLGR380,PHILLIP,,2277,171,"(-35.352375, 149.092911)"
PLGR209,RED HILL,,2335,172,"(-35.339828, 149.131927)"
PLAR245,RED HILL,TANBARK SURFACE,246,65,"(-35.335926, 149.126175)"
PLAR247,RED HILL,TANBARK SURFACE,291,77,"(-35.342346, 149.130249)"
PLGR208,RED HILL,,4286,241,"(-35.342281, 149.130318)"
PLAR248,RED HILL,TANBARK SURFACE,148,48,"(-35.339828, 149.131920)"
PLGR207,RED HILL,,2782,189,"(-35.335926, 149.126167)"
PLAR604,REID,TANBARK SURFACE,169,54,"(-35.282608, 149.139908)"
PLGR491,REID,,2508,180,"(-35.282608, 149.139915)"
PLAR212,REID,TANBARK SURFACE,94,39,"(-35.283094, 149.143661)"
PLGR185,REID,,2136,165,"(-35.283100, 149.143661)"
PLGR501,RICHARDSON,,2668,185,"(-35.423492, 149.108368)"
PLGR257,RICHARDSON,,2404,175,"(-35.431301, 149.120964)"
PLAR312,RICHARDSON,TANBARK SURFACE,77,31,"(-35.431988, 149.114098)"
PLAR311,RICHARDSON,TANBARK SURFACE,156,50,"(-35.431301, 149.120964)"
PLGR259,RICHARDSON,,2892,194,"(-35.427151, 149.114990)"
PLGR258,RICHARDSON,,1962,157,"(-35.431988, 149.114105)"
PLAR313,RICHARDSON,TANBARK SURFACE,266,69,"(-35.427151, 149.114983)"
PLAR617,RICHARDSON,TANBARK SURFACE,217,60,"(-35.423492, 149.108376)"
PLGR389,RIVETT,,3496,215,"(-35.349472, 149.032684)"
PLGR387,RIVETT,,2639,185,"(-35.349258, 149.035713)"
PLGR386,RIVETT,,3179,200,"(-35.351707, 149.038895)"
PLAR480,RIVETT,TANBARK SURFACE,242,55,"(-35.343288, 149.045021)"
PLAR481,RIVETT,TANBARK SURFACE,438,74,"(-35.351707, 149.038902)"
PLAR482,RIVETT,TANBARK SURFACE,204,59,"(-35.349258, 149.035728)"
PLGR590,RIVETT,,1713,155,"(-35.347721, 149.038094)"
PLGR385,RIVETT,,2601,181,"(-35.343288, 149.045021)"
PLAR485,RIVETT,TANBARK SURFACE,274,59,"(-35.349533, 149.032692)"
PLAR708,RIVETT,TANBARK SURFACE,258,65,"(-35.347755, 149.038055)"
PLAR707,RIVETT,TANBARK SURFACE,124,50,"(-35.347664, 149.038200)"
PLAR483,RIVETT,TANBARK SURFACE,485,78,"(-35.343708, 149.035828)"
PLGR388,RIVETT,,3304,204,"(-35.343708, 149.035828)"
PLGR59,SCULLIN,,2664,184,"(-35.231476, 149.041931)"
PLAR72,SCULLIN,TANBARK SURFACE,95,37,"(-35.229309, 149.036842)"
PLAR71,SCULLIN,TANBARK SURFACE,87,35,"(-35.230194, 149.041969)"
PLAR70,SCULLIN,TANBARK SURFACE,201,54,"(-35.229572, 149.040253)"
PLAR69,SCULLIN,TANBARK SURFACE,237,59,"(-35.231476, 149.041931)"
PLAR68,SCULLIN,TANBARK SURFACE,259,61,"(-35.238350, 149.035416)"
PLAR67,SCULLIN,TANBARK SURFACE,171,52,"(-35.236725, 149.038795)"
PLGR60,SCULLIN,,2539,180,"(-35.229572, 149.040253)"
PLGR58,SCULLIN,,2730,186,"(-35.238350, 149.035431)"
PLGR57,SCULLIN,,2473,178,"(-35.236725, 149.038803)"
PLGR62,SCULLIN,,2092,163,"(-35.229309, 149.036842)"
PLGR61,SCULLIN,,2048,161,"(-35.230194, 149.041962)"
PLAR131,SPENCE,TANBARK SURFACE,255,69,"(-35.201668, 149.064278)"
PLGR117,SPENCE,,2879,192,"(-35.205494, 149.065872)"
PLAR137,SPENCE,RUBBER SURFACE,165,51,"(-35.194485, 149.061699)"
PLAR596,SPENCE,TANBARK SURFACE,144,45,"(-35.205463, 149.065834)"
PLGR116,SPENCE,,1261,133,"(-35.201672, 149.064285)"
PLGR119,SPENCE,,2875,196,"(-35.196754, 149.062378)"
PLGR120,SPENCE,,1009,135,"(-35.194450, 149.061722)"
PLAR136,SPENCE,TANBARK SURFACE,208,72,"(-35.196751, 149.062401)"
PLAR597,SPENCE,TANBARK SURFACE,108,48,"(-35.205536, 149.065895)"
PLGR382,STIRLING,,3030,201,"(-35.351873, 149.052368)"
PLGR383,STIRLING,,3818,222,"(-35.347454, 149.052170)"
PLAR478,STIRLING,TANBARK SURFACE,593,101,"(-35.347454, 149.052177)"
PLGR384,STIRLING,,2075,163,"(-35.349831, 149.045288)"
PLAR477,STIRLING,TANBARK SURFACE,266,76,"(-35.351852, 149.052368)"
PLGR539,STROMLO (RURAL),,717,97,"(-35.319939, 148.954460)"
PLAR670,STROMLO (RURAL),SAND SURFACE,66,34,"(-35.319939, 148.954453)"
PLAR316,THEODORE,TANBARK SURFACE,135,49,"(-35.447041, 149.114410)"
PLGR263,THEODORE,,2647,184,"(-35.449821, 149.120651)"
PLGR262,THEODORE,,2591,181,"(-35.444954, 149.122177)"
PLGR261,THEODORE,,2347,173,"(-35.447041, 149.114395)"
PLAR320,THEODORE,TANBARK SURFACE,56,49,"(-35.442369, 149.123489)"
PLAR318,THEODORE,TANBARK SURFACE,221,62,"(-35.449821, 149.120644)"
PLAR317,THEODORE,TANBARK SURFACE,226,55,"(-35.444954, 149.122185)"
PLGR264,THEODORE,,3133,202,"(-35.442299, 149.123436)"
PLGR265,THEODORE,,2535,179,"(-35.454235, 149.118149)"
PLAR319,THEODORE,TANBARK SURFACE,197,60,"(-35.442265, 149.123398)"
PLAR321,THEODORE,TANBARK SURFACE,199,57,"(-35.454235, 149.118141)"
PLAR498,TORRENS,TANBARK SURFACE,75,35,"(-35.367992, 149.089676)"
PLAR497,TORRENS,TANBARK SURFACE,15,16,"(-35.367933, 149.089722)"
PLAR496,TORRENS,TANBARK SURFACE,91,37,"(-35.373135, 149.087959)"
PLAR495,TORRENS,TANBARK SURFACE,48,28,"(-35.372814, 149.087791)"
PLAR494,TORRENS,TANBARK SURFACE,61,35,"(-35.372929, 149.085144)"
PLGR399,TORRENS,,2216,168,"(-35.367977, 149.089676)"
PLGR397,TORRENS,,1970,158,"(-35.372929, 149.085136)"
PLGR398,TORRENS,,3728,248,"(-35.372984, 149.087875)"
PLAR199,TURNER,TANBARK SURFACE,243,67,"(-35.267380, 149.123222)"
PLGR172,TURNER,,2761,188,"(-35.267380, 149.123215)"
PLGR490,TURNER,,2360,173,"(-35.271027, 149.121429)"
PLAR603,TURNER,TANBARK SURFACE,143,48,"(-35.271027, 149.121437)"
PLAR333,WANNIASSA,TANBARK SURFACE,95,48,"(-35.400608, 149.079514)"
PLAR334,WANNIASSA,TANBARK SURFACE,223,62,"(-35.402878, 149.084198)"
PLAR335,WANNIASSA,TANBARK SURFACE,247,63,"(-35.404217, 149.088028)"
PLGR270,WANNIASSA,,2669,185,"(-35.392895, 149.094337)"
PLGR271,WANNIASSA,,3365,210,"(-35.390598, 149.085625)"
PLGR272,WANNIASSA,,1883,154,"(-35.400543, 149.094307)"
PLGR266,WANNIASSA,,2244,169,"(-35.404770, 149.102814)"
PLGR267,WANNIASSA,,2248,168,"(-35.400528, 149.099304)"
PLGR268,WANNIASSA,,3844,237,"(-35.396538, 149.101280)"
PLGR269,WANNIASSA,,2757,189,"(-35.388527, 149.095695)"
PLGR273,WANNIASSA,,2584,182,"(-35.399017, 149.092094)"
PLGR274,WANNIASSA,,2457,177,"(-35.400120, 149.075569)"
PLGR275,WANNIASSA,,3439,220,"(-35.400501, 149.079498)"
PLGR276,WANNIASSA,,2695,186,"(-35.402889, 149.084206)"
PLGR277,WANNIASSA,,2770,189,"(-35.404224, 149.088051)"
PLAR322,WANNIASSA,TANBARK SURFACE,119,44,"(-35.404776, 149.102814)"
PLAR323,WANNIASSA,TANBARK SURFACE,137,43,"(-35.400528, 149.099312)"
PLAR324,WANNIASSA,TANBARK SURFACE,94,36,"(-35.396446, 149.101128)"
PLAR325,WANNIASSA,TANBARK SURFACE,179,53,"(-35.396622, 149.101402)"
PLAR326,WANNIASSA,TANBARK SURFACE,244,63,"(-35.388519, 149.095703)"
PLAR327,WANNIASSA,TANBARK SURFACE,220,59,"(-35.392900, 149.094345)"
PLAR328,WANNIASSA,TANBARK SURFACE,587,103,"(-35.390615, 149.085648)"
PLAR329,WANNIASSA,TANBARK SURFACE,60,28,"(-35.400543, 149.094315)"
PLAR330,WANNIASSA,TANBARK SURFACE,224,58,"(-35.398998, 149.092064)"
PLAR331,WANNIASSA,TANBARK SURFACE,178,52,"(-35.400120, 149.075577)"
PLAR332,WANNIASSA,TANBARK SURFACE,88,42,"(-35.400383, 149.079483)"
PLGR391,WARAMANGA,,2218,167,"(-35.350605, 149.065407)"
PLAR726,WARAMANGA,TANBARK SURFACE,176,58,"(-35.354548, 149.064774)"
PLAR487,WARAMANGA,TANBARK SURFACE,136,41,"(-35.350605, 149.065407)"
PLAR486,WARAMANGA,TANBARK SURFACE,198,50,"(-35.349911, 149.061226)"
PLAR618,WARAMANGA,TANBARK SURFACE,308,84,"(-35.357395, 149.063568)"
PLGR392,WARAMANGA,,2415,177,"(-35.354553, 149.064796)"
PLGR390,WARAMANGA,,2452,176,"(-35.349911, 149.061234)"
PLGR502,WARAMANGA,,3231,209,"(-35.357372, 149.063568)"
PLAR209,WATSON,TANBARK SURFACE,265,73,"(-35.235752, 149.155228)"
PLGR517,WATSON,,1159,124,"(-35.232327, 149.159271)"
PLAR208,WATSON,TANBARK SURFACE,150,54,"(-35.241940, 149.155563)"
PLGR181,WATSON,,2474,179,"(-35.241947, 149.155556)"
PLGR184,WATSON,,2852,190,"(-35.237328, 149.149544)"
PLGR183,WATSON,,2562,182,"(-35.238525, 149.159134)"
PLAR637,WATSON,TANBARK SURFACE,236,61,"(-35.232327, 149.159271)"
PLAR211,WATSON,TANBARK SURFACE,308,64,"(-35.237328, 149.149551)"
PLAR210,WATSON,TANBARK SURFACE,167,58,"(-35.238525, 149.159134)"
PLGR182,WATSON,,2973,198,"(-35.235754, 149.155228)"
PLAR625,WEETANGERA,TANBARK SURFACE,181,55,"(-35.250769, 149.046539)"
PLGR69,WEETANGERA,,2059,161,"(-35.248985, 149.053825)"
PLGR68,WEETANGERA,,2498,177,"(-35.244244, 149.047913)"
PLGR66,WEETANGERA,,2421,174,"(-35.254593, 149.050140)"
PLGR510,WEETANGERA,,2523,179,"(-35.250767, 149.046547)"
PLAR79,WEETANGERA,TANBARK SURFACE,206,52,"(-35.244244, 149.047913)"
PLAR80,WEETANGERA,TANBARK SURFACE,98,35,"(-35.248985, 149.053833)"
PLAR76,WEETANGERA,TANBARK SURFACE,189,49,"(-35.254593, 149.050133)"
PLGR609,WESTON,,3003,196,"(-35.337669, 149.053665)"
PLAR746,WESTON,TANBARK SURFACE,20,16,"(-35.337460, 149.054794)"
PLAR706,WESTON,TANBARK SURFACE,284,60,"(-35.336876, 149.055061)"
PLGR336,WESTON,,2699,186,"(-35.344212, 149.066223)"
PLAR491,WESTON,TANBARK SURFACE,171,47,"(-35.341206, 149.053711)"
PLAR492,WESTON,TANBARK SURFACE,235,59,"(-35.333748, 149.056313)"
PLAR493,WESTON,TANBARK SURFACE,211,58,"(-35.338470, 149.059113)"
PLAR727,WESTON,TANBARK SURFACE,322,92,"(-35.342541, 149.063347)"
PLGR396,WESTON,,2630,184,"(-35.338470, 149.059120)"
PLGR395,WESTON,,2677,185,"(-35.333748, 149.056305)"
PLGR394,WESTON,,2373,173,"(-35.341202, 149.053726)"
PLGR588,WESTON,,1583,153,"(-35.336912, 149.055023)"
PLGR608,WESTON,,490,78,"(-35.337460, 149.054794)"
PLGR410,WESTON,,2646,186,"(-35.342552, 149.063339)"
PLAR705,WESTON,TANBARK SURFACE,39,25,"(-35.337038, 149.054932)"
PLAR425,WESTON,TANBARK SURFACE,227,64,"(-35.344212, 149.066208)"
PLGR202,YARRALUMLA,,5696,280,"(-35.307102, 149.100693)"
PLGR211,YARRALUMLA,,6179,309,"(-35.291618, 149.089584)"
PLGR421,YARRALUMLA,,1767,149,"(-35.292652, 149.089005)"
PLAR628,YARRALUMLA,TANBARK SURFACE,374,70,"(-35.291674, 149.089325)"
PLAR629,YARRALUMLA,TANBARK SURFACE,175,48,"(-35.291569, 149.089500)"
PLAR250,YARRALUMLA,RUBBER SURFACE,358,147,"(-35.291552, 149.089828)"
PLAR237,YARRALUMLA,TANBARK SURFACE,189,51,"(-35.307129, 149.100853)"
PLAR238,YARRALUMLA,TANBARK SURFACE,21,21,"(-35.307251, 149.100479)"
PLAR239,YARRALUMLA,TANBARK SURFACE,48,27,"(-35.307291, 149.100784)"
PLAR522,YARRALUMLA,TANBARK SURFACE,43,23,"(-35.292652, 149.089012)"
PLAR236,YARRALUMLA,TANBARK SURFACE,120,45,"(-35.306984, 149.100830)"
PLAR758,,TANBARK SURFACE,134,46,"(-35.166698, 149.097359)"
PLAR770,,ASPHALT SURFACE,348,71,"(-35.337658, 149.053688)"
PLAR776,,TANBARK SURFACE,71,31,"(-35.421265, 149.142197)"
PLAR775,,TANBARK SURFACE,121,42,"(-35.341999, 149.227478)"
PLAR774,,TANBARK SURFACE,66,36,"(-35.342026, 149.227585)"
